8,5806,0.798184
11,14034,0.500000
11,15815,0.777977
11,19726,0.813058
11,22300,0.711469
11,26656,0.754796
11,3065,0.792840
11,3317,0.797815
11,39384,0.769431
11,42237,0.836325
11,46328,0.627907
11,49574,0.773003
11,5268,0.800000
11,55304,0.862127
11,56915,0.899044
11,6495,0.500000
11,7011,0.772752
12,35976,0.500000
12,7407,0.500000
19,25746,0.797257
19,40027,0.800000
19,56560,0.710108
19,63296,0.654720
20,53497,0.801147
25,17293,0.544445
28,62530,0.500000
48,10335,0.771893
48,17247,0.744062
48,20800,0.720667
48,2350,0.812859
48,25803,0.754283
48,32983,0.740985
48,37359,0.757836
48,4053,0.858894
48,45309,0.697232
48,48877,0.684379
48,5125,0.682281
48,55390,0.731353
48,57480,0.656738
48,60467,0.821537
48,62462,0.755195
49,14070,0.233333
59,40027,0.800000
60,15958,0.500000
60,20409,0.751780
60,237,0.733422
60,25422,0.749873
60,26510,0.631237
60,29948,0.624727
60,35707,0.739592
60,40402,0.655271
60,42171,0.824127
60,45309,0.714374
60,47408,0.764087
60,4823,0.707424
60,5124,0.661921
60,53309,0.725190
60,56995,0.681052
60,60244,0.696172
60,62861,0.706992
60,6514,0.662113
60,66612,0.722191
60,9843,1.000000
61,63684,1.014829
69,18121,1.131377
69,40284,0.900000
69,46603,0.857599
69,49972,0.754909
69,53198,0.902238
69,59893,0.893109
69,8568,0.960952
74,29730,0.910013
84,10230,1.016241
84,10866,0.921364
84,11528,0.600000
84,1206,1.000000
84,13066,0.874090
84,13787,0.500000
84,14302,0.980521
84,15002,0.954731
84,15288,0.950848
84,16049,1.058703
84,16641,0.500000
84,16984,0.829319
84,17971,0.949330
84,18153,1.000000
84,19224,0.930625
84,19439,0.905844
84,19692,0.500000
84,19912,1.000000
84,20318,0.935058
84,20642,0.949773
84,20910,0.500000
84,21803,0.924930
84,22203,1.038427
84,22436,0.500000
84,22882,0.500000
84,23972,0.999386
84,2429,0.767171
84,24941,0.940656
84,25425,0.500000
84,25553,0.500000
84,25822,0.860515
84,26791,0.994124
84,27258,0.500000
84,28129,0.999386
84,28570,0.500000
84,29095,1.000000
84,30014,0.500000
84,31852,1.000000
84,32404,0.931668
84,32983,0.930430
84,33709,1.024366
84,3449,0.850330
84,34625,0.700000
84,35413,0.500000
84,35976,0.500000
84,3685,1.034816
84,3754,0.500000
84,38680,0.600000
84,39936,1.010034
84,40523,0.865399
84,4143,0.904774
84,41876,0.946160
84,42110,1.033747
84,42370,0.818781
84,43235,0.898717
84,43675,0.991543
84,44423,0.980426
84,45277,0.917237
84,45787,0.977862
84,46207,1.004061
84,46658,0.967697
84,46701,0.883848
84,47366,0.994775
84,48227,1.000000
84,48291,1.061663
84,48782,0.700000
84,49294,0.926076
84,49972,0.804502
84,50287,0.800000
84,50908,0.500000
84,5124,0.884401
84,51746,0.500000
84,52428,1.009684
84,5277,0.896694
84,53109,0.977373
84,5373,1.000000
84,54072,0.500000
84,54486,0.500000
84,54698,0.900000
84,54931,0.932102
84,55304,0.966187
84,55747,0.500000
84,5592,0.964574
84,56253,0.500000
84,56560,0.824306
84,5690,0.500000
84,57739,0.990888
84,58106,0.887989
84,58561,0.300000
84,5889,0.600000
84,5940,1.010034
84,5983,0.886832
84,60158,0.956258
84,6068,0.800000
84,60864,0.979878
84,61561,0.846844
84,62576,0.500000
84,63349,0.917237
84,64521,0.800000
84,65636,0.862192
84,6632,0.928253
84,6834,0.810517
84,7563,1.000579
84,823,1.000000
84,8738,0.999943
84,9250,0.833918
84,9851,0.977893
89,18858,0.533333
93,63684,0.933333
96,43529,0.263531
96,60546,0.574655
99,24252,0.500000
101,54146,0.906915
112,24251,0.803457
115,61649,0.825000
119,17293,0.429796
123,16694,0.836939
123,5592,0.891967
126,17422,0.546518
126,60645,0.496917
127,39530,0.677708
127,64182,0.827764
130,42102,0.500000
130,66208,0.837503
131,60645,0.944094
137,62530,0.500000
159,18152,0.850000
159,31832,0.844701
160,21576,0.922208
160,36449,0.855826
160,63684,0.863205
163,17971,0.674066
163,237,0.691278
163,26642,0.709485
163,31831,0.636251
163,35507,0.684970
163,39384,0.650537
163,45119,0.637391
163,48233,0.652812
163,51434,0.687193
163,55388,0.642281
163,5806,0.628799
164,13352,0.500000
164,51665,0.500000
174,60624,0.511573
176,24251,0.757951
176,62530,0.549190
182,62530,0.747617
191,62530,0.812500
195,20642,0.788285
195,46660,0.816854
195,63684,0.881962
198,56591,0.160000
221,17422,0.664845
221,43529,0.603275
221,55390,0.642386
227,10295,0.898285
227,14057,0.827607
227,17247,0.817143
227,19787,0.778950
227,20645,0.849885
227,22375,0.815040
227,24251,0.806804
227,26656,0.771335
227,29948,0.742103
227,32912,1.000000
227,3462,0.500000
227,37357,0.793174
227,39545,0.806138
227,4329,0.752960
227,46026,0.500000
227,48232,0.875930
227,49207,0.578134
227,50374,0.807565
227,54146,0.763827
227,55633,0.798522
227,5708,0.802799
227,5806,0.789757
227,60264,0.873149
227,61937,0.737996
227,65842,0.828207
227,9134,0.860812
232,26374,0.500000
234,51694,1.087610
239,16390,0.600000
239,20800,0.641135
239,32983,0.671047
239,46191,0.750000
239,49853,0.698796
239,5708,0.663950
239,62462,0.656587
239,66184,0.684795
240,40282,0.916081
248,53027,0.500000
251,62530,0.809997
265,16621,0.500000
265,418,0.500000
275,20642,0.964987
275,63684,0.873443
288,101,0.780757
288,1050,0.782376
288,109,0.802405
288,12032,0.682331
288,13153,0.851803
288,14813,0.691521
288,15162,0.738809
288,15931,0.767530
288,16752,0.429365
288,17015,0.662280
288,17496,0.699745
288,18103,0.766127
288,18410,0.500000
288,19726,0.776594
288,20317,0.800000
288,20445,0.720607
288,20800,0.790399
288,21360,0.727102
288,21735,0.600000
288,22059,0.942290
288,22375,0.752158
288,22802,0.825827
288,23411,0.601077
288,24080,0.200000
288,24675,0.744407
288,25284,0.776903
288,25423,0.863342
288,25490,0.733584
288,25803,0.781707
288,26324,0.773921
288,26656,0.694660
288,27283,0.800000
288,28359,0.723652
288,2958,0.839996
288,30343,0.500000
288,31024,0.884065
288,32594,0.764040
288,32983,0.765413
288,3391,0.673599
288,34422,0.808259
288,34574,0.500000
288,35264,0.735442
288,35707,0.775199
288,36449,0.750926
288,3685,0.860588
288,38105,0.749034
288,39097,0.745093
288,39771,0.800000
288,40402,0.730336
288,4143,0.745588
288,42237,0.788366
288,42626,0.853394
288,43317,0.845312
288,44439,0.771894
288,45119,0.750386
288,45566,0.662580
288,45997,0.814444
288,464,0.798759
288,46701,0.694742
288,47246,0.703315
288,47617,0.728396
288,48126,0.835338
288,4824,0.776644
288,49220,0.803537
288,49883,0.823893
288,50407,0.912604
288,50934,0.873599
288,51360,0.500000
288,51915,0.721918
288,52672,0.755599
288,52874,0.858702
288,5366,0.800000
288,54140,0.543805
288,54663,0.918821
288,54776,0.807192
288,55421,0.841307
288,55641,0.500000
288,55920,0.723478
288,56131,0.600000
288,56391,0.753051
288,56560,0.666971
288,56915,0.860268
288,57215,0.815308
288,57354,0.700000
288,5801,0.764520
288,58206,0.718915
288,5886,0.799034
288,59250,0.800000
288,59957,0.815093
288,60158,0.777612
288,60584,0.809059
288,60779,0.753574
288,62460,0.775893
288,62751,0.500000
288,64081,0.817534
288,64579,0.639074
288,65544,0.695089
288,6616,0.893708
288,7003,0.737734
288,77,0.819296
288,8535,0.798582
288,9150,0.771068
288,9250,0.648620
288,9717,0.839996
291,10758,0.471692
291,11578,0.521608
291,13153,0.604598
291,14764,0.287006
291,16188,0.548297
291,18515,0.500000
291,19438,0.501155
291,20524,1.000000
291,20844,0.456596
291,21983,0.553503
291,22158,0.500000
291,2350,0.579703
291,24047,0.468231
291,24871,0.568439
291,25423,0.624414
291,26676,1.000000
291,27943,1.000000
291,30003,0.487730
291,31150,0.500000
291,32454,0.596563
291,33341,0.573520
291,3468,0.569962
291,36376,0.250000
291,38195,0.508138
291,40793,0.512161
291,41554,0.499972
291,42174,0.612565
291,42500,0.500000
291,43647,0.500000
291,44583,0.531471
291,45309,0.493462
291,4574,0.500000
291,47246,0.438330
291,48126,0.606296
291,49361,0.800000
291,49948,0.552135
291,50518,0.586230
291,52176,0.800000
291,53060,0.449478
291,54016,0.600000
291,54629,0.500000
291,55229,0.700000
291,55695,0.494472
291,56314,0.375501
291,57006,0.500000
291,57580,0.467880
291,58165,0.800000
291,58831,0.500000
291,59613,0.416879
291,60051,0.500000
291,60547,0.900000
291,61937,0.414543
291,63210,0.607423
291,64343,0.586230
291,64897,1.000000
291,6833,0.576993
291,7566,1.000000
291,9214,0.644381
291,9900,0.405404
298,2939,0.900000
305,34060,0.818142
305,48021,0.800000
305,5806,0.821246
305,65325,0.617180
307,20645,0.641133
307,464,0.660902
313,36315,0.725000
315,26405,0.819700
328,11322,0.817646
328,20645,0.844982
328,31831,0.762691
328,37201,0.830884
328,38700,0.771166
328,49294,0.795385
328,51696,0.805325
328,55579,1.000000
328,58104,0.821396
328,61649,0.784711
328,64316,0.829595
329,62530,0.500000
333,36315,0.900000
333,47784,0.578794
333,60645,0.726848
340,25648,0.642825
341,65325,0.600000
348,18330,0.515199
348,28306,0.500000
351,18330,1.050000
368,62530,0.600997
369,30976,0.753853
369,51696,0.488098
371,10335,0.737062
371,15944,0.700726
371,17015,0.634934
371,18112,0.702718
371,20644,0.751098
371,22375,0.698378
371,25422,0.746500
371,26324,0.729370
371,28315,0.743629
371,32439,0.697425
371,34573,0.716921
371,36122,0.621045
371,37201,0.736715
371,40282,0.728517
371,4329,0.635680
371,44423,0.764298
371,46658,0.726084
371,47958,0.651705
371,49852,0.643474
371,51539,0.797589
371,53981,0.571541
371,54834,0.755583
371,55633,0.683385
371,57281,0.604669
371,5808,0.708783
371,58804,0.718935
371,60158,0.719853
371,62460,0.715310
371,64182,0.649435
371,66208,0.674884
371,9214,0.847192
374,26405,1.034765
375,49294,0.175000
385,24251,0.976471
392,54336,0.618066
394,27152,0.600000
394,53990,0.698488
397,18330,0.425000
406,43529,0.486128
406,62530,0.604809
411,20644,0.970135
411,44142,0.885921
414,16969,0.555545
419,62530,0.500000
424,64182,0.593717
426,21155,0.500000
426,7168,0.500000
432,38700,0.259080
441,17293,0.447543
449,38196,0.166667
449,64422,0.350000
456,29730,0.887412
456,5019,1.100000
460,16909,0.600000
469,5264,0.500000
474,17401,0.400000
474,18313,1.000000
474,21577,0.661197
474,26556,0.796765
474,32916,0.890641
474,3593,0.770838
474,43317,0.849342
474,47552,0.600000
474,50407,0.878641
474,52874,0.889884
474,54903,0.769274
474,58804,0.762173
474,66612,0.797383
486,23831,0.850000
486,41553,0.908872
508,43529,0.616033
509,62530,0.500000
514,12032,0.742272
514,14813,0.807615
514,17015,0.781082
514,19054,0.918919
514,20642,0.895532
514,21086,0.802844
514,21703,0.610757
514,2350,0.957663
514,24253,0.979396
514,25644,0.743255
514,28059,0.823243
514,30248,0.702873
514,30936,0.852863
514,32439,0.862552
514,34507,0.947533
514,37357,0.840162
514,38771,0.750000
514,44247,0.500000
514,46615,0.871527
514,47683,0.921989
514,48058,0.825696
514,48925,0.963897
514,5000,0.683483
514,51435,0.870010
514,53981,0.738957
514,55608,0.946193
514,56915,0.934629
514,57847,0.872112
514,59613,0.806516
514,61720,0.844913
514,6310,0.904909
514,65191,0.954064
514,66612,0.871958
514,8039,0.843279
514,9952,0.821546
526,14302,0.800827
526,17474,0.814159
526,19787,0.728132
526,21317,0.721317
526,2533,0.789724
526,26642,0.786628
526,31270,0.500000
526,3317,0.718545
526,35507,0.775686
526,38458,0.715327
526,42237,0.764470
526,45576,0.714625
526,47483,0.629702
526,496,0.757089
526,50964,0.748465
526,53968,0.867294
526,56916,0.779569
526,59471,0.800703
526,63065,0.500000
526,6632,0.724986
538,10295,0.900000
538,18562,0.700000
538,21576,0.762378
538,3269,0.544456
538,39402,0.500000
538,46931,0.744677
538,54612,0.712258
538,56370,0.673065
538,58804,0.754731
538,64666,0.500000
540,48509,0.950000
546,54807,0.500000
550,56214,0.785423
571,30003,1.000000
571,60126,0.986915
583,31410,0.500000
583,34872,0.500000
583,61649,0.642609
602,15290,0.772439
602,18858,0.833333
602,47429,0.542065
602,60232,0.300000
611,34060,0.630384
621,26405,0.485426
626,31003,0.758747
632,10334,0.600000
632,14302,0.799569
632,15944,0.735066
632,18284,0.803249
632,19726,0.757726
632,20644,0.801187
632,2350,0.849486
632,24871,0.800272
632,25820,0.698688
632,29948,0.671561
632,32439,0.747102
632,33547,0.720625
632,348,0.781913
632,36122,0.670771
632,3953,0.749563
632,42237,0.794673
632,44760,0.500000
632,46659,0.765958
632,48233,0.753551
632,49852,0.687495
632,5133,0.665816
632,53981,0.608803
632,55304,0.805917
632,56103,0.686449
632,5801,0.766187
632,59471,0.822941
632,61720,0.730104
632,64077,0.833698
632,66184,0.762388
632,7488,0.700000
633,19438,0.700000
633,56475,1.034386
645,17293,0.733096
645,29730,0.850000
648,12505,0.799858
648,2096,1.150000
648,39530,0.901991
648,49898,0.700000
648,55248,0.750000
648,59330,0.997325
649,10290,0.952433
649,16969,0.842753
649,23821,1.000000
649,2939,0.900000
649,44142,0.921393
649,5000,0.740801
649,55627,0.433333
649,64077,0.953602
651,14392,0.660000
652,34341,0.958434
652,54903,0.992786
652,61720,1.010091
657,62530,0.500000
662,57699,0.820000
664,17293,0.283612
664,54336,0.535416
666,15290,0.727561
666,46995,0.817476
666,60232,0.600000
674,15565,0.850000
674,20644,1.029794
674,21577,0.959251
674,24252,0.947749
674,36537,0.500000
674,55189,0.500000
674,65255,1.017973
676,17293,0.625870
676,26243,0.500000
676,35996,0.646245
676,49829,0.737035
676,55954,0.500000
681,11593,1.000000
681,46207,0.581649
681,5293,0.585722
685,15958,0.500000
685,20449,0.794998
685,34533,1.000000
685,38006,0.675854
685,46026,0.500000
685,50374,0.744230
685,56915,0.772975
692,61649,0.157143
708,20642,0.999471
708,62822,1.033464
709,20380,0.726819
709,24742,0.750000
709,56560,0.628429
710,16694,0.500000
713,23831,0.867215
715,20641,0.825000
718,20644,0.703293
718,7877,0.807885
721,10295,0.900000
721,20232,0.700452
721,39097,0.652118
721,53645,0.716351
721,55550,0.728136
721,60912,0.800000
721,9134,0.831067
728,62530,0.688556
736,43529,0.604062
749,36911,0.500000
752,51696,0.841246
754,15340,0.659967
754,22128,0.500000
754,27652,0.500000
754,34707,0.700000
754,39992,0.600000
754,43585,0.560351
754,46620,1.000000
754,51051,0.500000
754,53762,0.587706
754,60051,0.500000
754,64616,0.736267
756,10335,0.653697
756,14814,0.408177
756,19533,0.632206
756,20644,0.666300
756,23791,0.576476
756,25423,0.724862
756,26656,0.564659
756,33734,0.571112
756,36753,0.518889
756,42237,0.642127
756,46659,0.635953
756,5124,0.579353
756,54217,0.668550
756,55749,0.652437
756,56915,0.702805
756,5806,0.582771
756,59471,0.679645
756,64077,0.705810
756,77,0.686293
756,9951,0.532795
762,62530,0.921294
764,34060,1.100000
765,59601,0.900000
766,11322,0.859553
766,15535,0.783826
766,16930,0.849599
766,17474,0.922450
766,19417,0.931181
766,19787,0.816618
766,20645,0.881077
766,22088,0.793419
766,23087,0.767962
766,23791,0.813050
766,24082,1.000000
766,25422,0.898959
766,26280,0.895215
766,26791,0.930339
766,27931,0.859492
766,29948,0.760509
766,3269,0.722843
766,33488,0.948588
766,35507,0.882702
766,36096,0.880102
766,37357,0.831081
766,39545,0.831268
766,40748,0.752902
766,42237,0.881545
766,45119,0.822847
766,464,0.881471
766,47483,0.731887
766,4823,0.848566
766,49294,0.835698
766,50533,0.896828
766,51539,0.929480
766,53784,0.930427
766,54840,0.693630
766,55562,0.839691
766,55995,0.914600
766,56915,0.921645
766,57281,0.766595
766,58104,0.870152
766,59471,0.906307
766,60264,0.900533
766,60864,0.897448
766,62462,0.876867
766,64081,0.902522
766,6495,0.500000
766,66184,0.851608
766,7011,0.819746
766,926,0.865491
767,10351,0.779860
767,10547,0.930581
767,11060,0.949790
767,11398,0.800000
767,12484,0.824173
767,13067,0.757108
767,13652,0.904354
767,15179,0.871523
767,15944,0.801797
767,17015,0.778962
767,1802,0.899284
767,18832,0.945901
767,19627,0.774021
767,20380,0.804827
767,20641,0.929301
767,21201,0.775361
767,21576,0.922219
767,22174,0.800000
767,22381,0.500000
767,23076,0.926868
767,23790,0.879268
767,24872,0.836478
767,25373,0.871036
767,25775,0.500000
767,26156,1.000000
767,2683,0.800000
767,2746,0.909709
767,2784,0.901835
767,28374,0.798781
767,29837,0.500000
767,3051,0.631698
767,31024,0.981596
767,32491,0.901456
767,3317,0.850099
767,3398,0.863117
767,35051,0.796272
767,35370,0.917171
767,35754,0.500000
767,36133,0.824755
767,36907,0.911098
767,37389,0.909709
767,39627,0.931795
767,40769,0.860931
767,4175,0.899609
767,4249,0.870224
767,43706,0.723673
767,44683,0.961095
767,4524,1.037047
767,45723,0.911796
767,465,0.758724
767,46729,0.805795
767,47483,0.735786
767,48019,0.886756
767,48262,0.700000
767,48877,0.799930
767,49480,1.000000
767,5000,0.698717
767,50936,0.500000
767,51478,0.836095
767,5192,0.676283
767,53060,0.768021
767,53578,0.777874
767,54340,0.200000
767,54807,0.746568
767,54903,0.853194
767,55388,0.841279
767,56131,0.800000
767,56558,0.856742
767,57227,0.857778
767,57847,0.847549
767,58332,0.897180
767,59217,0.500000
767,60300,0.771261
767,60584,0.898624
767,60958,0.674297
767,61379,0.629786
767,62745,1.000000
767,63563,0.949675
767,64579,0.740271
767,65098,1.000000
767,65683,0.500000
767,6632,0.854367
767,6908,0.500000
767,7196,0.961103
767,81,0.858465
767,9229,0.817429
767,9711,0.858277
767,9942,0.842908
768,64077,0.778480
769,46173,0.899595
769,66600,0.500000
777,39545,1.014891
783,34360,0.950000
784,12484,0.558360
784,17474,0.686225
784,20645,0.635342
784,237,0.624240
784,26736,0.609041
784,30936,0.606055
784,3317,0.600337
784,35874,0.708343
784,40282,0.645141
784,45686,0.673207
784,48000,0.700000
784,49853,0.659695
784,5124,0.565570
784,53309,0.620491
784,54715,0.550000
784,56292,0.620709
784,58104,0.621114
784,60881,0.700000
784,65516,0.619778
785,16694,0.489932
786,20644,1.007293
786,30605,1.000000
786,52672,0.962348
786,62742,1.200000
790,17562,0.500000
792,46659,0.587533
793,24237,0.750000
793,64315,0.872543
795,10377,0.967790
795,14277,0.762055
795,15716,1.014885
795,16984,0.852198
795,18548,1.054663
795,19533,0.955803
795,20411,0.989357
795,22013,0.923959
795,22525,0.929510
795,24251,0.915863
795,26280,0.977586
795,26736,0.902214
795,29948,0.833950
795,32439,0.923690
795,331,0.909708
795,36046,0.918881
795,37674,0.831223
795,39545,0.895879
795,4175,0.995501
795,42533,0.934657
795,44121,0.983229
795,46207,0.973164
795,47207,0.911526
795,48233,0.928568
795,4917,0.878975
795,50010,0.849499
795,51516,1.010689
795,53392,1.082077
795,54752,0.890935
795,55562,0.922860
795,55936,0.960209
795,57537,0.994153
795,60264,0.979349
795,62593,0.848642
795,65230,0.957010
795,6632,0.913566
795,8039,0.929139
797,28460,1.000000
809,17293,0.786792
809,47429,0.427253
809,55952,0.700000
811,7684,0.333333
817,48019,0.500000
829,12504,1.079917
829,44923,1.100000
829,59629,1.000000
840,54336,0.513012
841,56916,0.879196
848,62462,0.817647
866,10037,0.834102
866,101,0.852944
866,10290,0.885630
866,10356,0.500000
866,10473,0.500000
866,10545,0.500000
866,10643,1.000000
866,10762,1.000000
866,10914,0.200000
866,10950,0.500000
866,11092,0.730640
866,11235,0.100000
866,11324,0.700000
866,11513,0.500000
866,11591,0.600000
866,11716,0.500000
866,12048,0.863753
866,12207,0.911676
866,12471,0.500000
866,12537,0.700000
866,12640,0.500000
866,12788,0.951420
866,13012,0.500000
866,13116,0.904101
866,1335,0.500000
866,13493,0.844256
866,13628,0.823680
866,13762,0.824406
866,13863,0.831547
866,14071,1.000000
866,1435,0.900000
866,14486,0.500000
866,1468,0.500000
866,14797,0.500000
866,14849,0.500000
866,14928,0.726707
866,15154,0.730987
866,15273,0.761694
866,15543,0.600000
866,15808,0.500000
866,15931,0.848859
866,16141,0.700000
866,16209,0.600000
866,16469,0.500000
866,16532,0.883100
866,1672,0.842701
866,16926,1.000000
866,17015,0.718784
866,17247,0.843319
866,17363,0.831455
866,17474,0.913270
866,17545,0.868372
866,17656,0.825142
866,17933,0.500000
866,18098,0.600000
866,18123,1.000000
866,18152,0.754382
866,18284,0.877206
866,18735,0.600000
866,18839,0.773638
866,19009,0.500000
866,19098,0.669225
866,19221,0.794457
866,19278,0.716850
866,19417,0.902456
866,19483,0.500000
866,19627,0.730019
866,19814,0.872191
866,19912,1.000000
866,19972,0.500000
866,20251,0.872191
866,20381,0.901923
866,20445,0.842961
866,2062,0.615776
866,20732,0.500000
866,20771,0.800000
866,20870,0.500000
866,21143,0.823493
866,21299,0.500000
866,21368,0.500000
866,21376,0.933808
866,21420,0.500000
866,21602,0.500000
866,21846,0.818003
866,22025,0.771770
866,22194,0.727545
866,22297,0.849858
866,2236,0.700000
866,22401,0.856268
866,2250,0.500000
866,22753,0.824538
866,23059,0.884677
866,23216,0.500000
866,23403,0.500000
866,23513,0.817467
866,2369,0.500000
866,23900,0.500000
866,23971,0.500000
866,24068,0.400000
866,24395,0.500000
866,24605,1.000000
866,24742,0.680257
866,24873,0.614668
866,24975,0.500000
866,25191,0.500000
866,25373,0.821049
866,25450,0.780128
866,25540,0.810528
866,25687,0.711991
866,25746,0.873220
866,25822,0.785730
866,26253,0.800000
866,2646,0.780683
866,26575,0.858798
866,26791,0.889322
866,2684,0.700000
866,27122,0.846142
866,2722,0.836623
866,27530,0.500000
866,27640,0.600000
866,27705,1.000000
866,27931,0.919071
866,2807,0.500000
866,28260,0.500000
866,28345,0.500000
866,28681,0.500000
866,2898,0.896945
866,29095,1.000000
866,29314,0.851338
866,2957,0.874900
866,29949,0.774556
866,30246,0.700000
866,30631,0.500000
866,30655,0.806912
866,30936,0.797426
866,31177,0.852522
866,31421,0.850000
866,31887,1.000000
866,321,0.500000
866,32405,0.934948
866,32515,0.500000
866,3269,0.748761
866,32983,0.808144
866,33162,0.500000
866,33341,0.937727
866,33555,0.631636
866,33734,0.749374
866,3398,0.834419
866,34072,0.838304
866,34203,1.000000
866,34374,0.500000
866,34455,0.831330
866,3462,0.500000
866,3468,0.862011
866,348,0.847738
866,35003,0.631794
866,35157,0.847594
866,3525,0.500000
866,35370,0.848177
866,3555,0.937727
866,35645,0.500000
866,35749,0.500000
866,3583,0.986184
866,36046,0.855373
866,36133,0.801859
866,36376,0.850000
866,3653,0.500000
866,36803,0.855223
866,36972,1.000000
866,37201,0.856392
866,37351,0.500000
866,37406,0.500000
866,37702,0.500000
866,38074,0.500000
866,38211,0.500000
866,3856,0.500000
866,3871,0.764741
866,39097,0.828213
866,39484,0.775815
866,39617,0.500000
866,39765,0.600000
866,39863,0.798068
866,39980,0.800000
866,40005,0.886044
866,40160,0.600000
866,40523,0.768501
866,40713,0.736440
866,40875,0.882936
866,4109,0.593905
866,41326,1.000000
866,41545,0.500000
866,41597,0.500000
866,41763,0.492549
866,41939,0.837121
866,42081,0.500000
866,42113,0.784135
866,42172,0.930084
866,42237,0.821086
866,42371,1.000000
866,42492,0.600000
866,42562,0.822103
866,42674,0.900000
866,43062,0.500000
866,43310,0.713135
866,43327,0.500000
866,43585,0.778153
866,43707,0.450397
866,43889,0.500000
866,44048,0.743762
866,44196,0.803075
866,4440,0.400000
866,44462,0.792149
866,44683,0.874201
866,4493,0.888438
866,45119,0.811503
866,45309,0.783522
866,45472,0.500000
866,45564,0.500000
866,45613,0.772365
866,4574,0.500000
866,46000,0.937727
866,46094,0.800000
866,463,0.500000
866,46615,0.855159
866,46670,1.000000
866,46857,0.902655
866,47119,0.500000
866,47246,0.768113
866,47408,0.884447
866,47646,0.863069
866,47818,0.500000
866,47881,0.770238
866,48010,0.500000
866,48126,0.926294
866,48220,0.500000
866,4823,0.789093
866,48290,0.500000
866,48364,0.500000
866,48573,0.882700
866,48798,0.500000
866,49026,0.500000
866,4917,0.784787
866,49220,0.898611
866,49266,0.804697
866,49338,0.500000
866,49428,0.400000
866,49606,1.000000
866,49805,0.713580
866,49838,0.500000
866,49925,0.500000
866,49956,0.500000
866,50020,0.500000
866,50352,0.500000
866,50382,0.500000
866,50549,0.569071
866,5059,0.500000
866,50815,0.700000
866,51016,0.800000
866,51210,0.500000
866,51295,0.500000
866,51434,0.861169
866,51482,0.500000
866,51595,0.500000
866,51775,0.746080
866,51915,0.849964
866,51991,0.924699
866,52234,0.646495
866,52428,0.909147
866,52672,0.818061
866,5277,0.772334
866,5293,0.874216
866,53088,0.500000
866,53242,0.500000
866,53364,0.500000
866,53645,0.730716
866,53679,0.700000
866,53794,0.898816
866,53950,0.500000
866,54014,0.802286
866,54061,0.500000
866,54218,0.600000
866,54285,0.500000
866,5459,0.500000
866,54681,0.500000
866,54766,0.500000
866,54818,0.815620
866,54984,0.500000
866,5504,0.939560
866,55075,0.500000
866,55293,0.500000
866,55381,0.500000
866,55469,0.500000
866,55622,0.824215
866,55685,0.700000
866,55713,1.000000
866,5575,0.500000
866,55920,0.731106
866,55995,0.896481
866,56131,0.500000
866,56253,0.500000
866,56315,1.000000
866,56422,0.500000
866,56520,0.500000
866,56576,0.777040
866,56686,0.800000
866,56818,0.900000
866,56916,0.894917
866,57033,0.500000
866,5709,0.500000
866,57202,0.500000
866,57354,0.700000
866,57533,0.500000
866,57601,1.000000
866,5777,0.500000
866,57902,1.000000
866,58033,0.826868
866,5809,0.862965
866,58169,0.777040
866,58303,1.000000
866,58527,0.860934
866,58561,0.300000
866,58804,0.815360
866,5889,0.600000
866,59085,0.802698
866,59267,0.300000
866,59351,0.500000
866,59461,0.700000
866,59592,0.500000
866,59699,1.000000
866,5983,0.804218
866,59923,0.825055
866,59984,0.400000
866,60032,0.500000
866,601,1.000000
866,60387,0.833503
866,6046,0.800000
866,60547,0.900000
866,60645,0.698316
866,60741,0.500000
866,60780,0.837308
866,60864,0.861753
866,61061,0.895773
866,61232,0.500000
866,61354,0.890693
866,61529,0.500000
866,61720,0.796129
866,61935,0.500000
866,6245,0.500000
866,62519,0.500000
866,62584,0.862010
866,62745,1.000000
866,62888,0.764140
866,62998,0.890353
866,63210,0.932938
866,63368,0.500000
866,63586,0.500000
866,63763,1.000000
866,64077,0.896210
866,64256,0.902659
866,64357,0.789585
866,64453,0.827006
866,64580,0.500000
866,64804,0.903910
866,650,0.500000
866,65230,0.872230
866,65341,0.798061
866,65490,1.000000
866,65636,0.737749
866,65812,0.908086
866,6616,0.913931
866,66392,0.846482
866,66613,0.500000
866,6833,0.903358
866,692,0.500000
866,7004,0.896445
866,7196,0.872191
866,7395,0.500000
866,758,0.500000
866,77,0.897325
866,7922,0.500000
866,8029,0.718109
866,8146,1.000000
866,823,1.000000
866,8418,0.600000
866,8534,0.500000
866,8567,0.855134
866,8734,0.100000
866,8823,0.871805
866,8898,0.500000
866,9050,0.500000
866,9201,0.500000
866,9262,0.915358
866,9440,0.500000
866,9711,0.802993
866,9843,1.000000
866,9942,0.791279
867,41680,1.166667
892,21576,0.685507
897,17971,0.970279
897,22477,0.964534
897,39384,0.944429
897,58465,0.860168
899,20327,0.500000
899,31276,0.500000
899,54818,0.960411
904,17422,0.386487
915,10566,1.050476
915,14057,0.965863
915,15944,0.968187
915,17474,1.023315
915,19726,0.945748
915,20645,0.980346
915,21578,0.904593
915,23613,1.000000
915,24251,0.937262
915,25581,0.957026
915,26324,0.967412
915,29730,1.001922
915,3190,0.766667
915,331,0.949695
915,34061,0.999916
915,34533,1.000000
915,36122,0.878895
915,38005,0.900000
915,38458,0.953031
915,40282,0.975922
915,42203,0.950739
915,44760,0.500000
915,46207,0.991605
915,47801,0.889343
915,48411,0.962479
915,4966,1.036251
915,51516,1.027561
915,54612,0.951438
915,55322,0.806992
915,56585,0.900000
915,58556,0.849682
915,59472,0.500000
915,60264,1.021334
915,61937,0.865851
915,62576,0.500000
915,65191,1.057992
915,7658,0.600000
916,101,0.755873
916,1050,0.831397
916,10746,0.812039
916,1121,0.625441
916,11656,0.805244
916,12264,0.500000
916,12662,0.674587
916,13096,0.629409
916,1342,0.745079
916,14057,0.727295
916,14928,0.667307
916,15716,0.887957
916,16188,0.748026
916,16847,0.696851
916,17283,0.623449
916,17474,0.819247
916,17816,0.669931
916,18619,0.500000
916,18979,0.738128
916,19438,0.714381
916,20411,0.780839
916,211,0.800968
916,21983,0.760613
916,22149,0.718099
916,22375,0.718786
916,23082,0.786217
916,2350,0.781697
916,24079,0.897041
916,2447,1.000000
916,25318,0.713185
916,25466,0.632474
916,25820,0.672447
916,2645,0.652393
916,26791,0.802102
916,27283,0.800000
916,27644,0.722335
916,28059,0.655410
916,2848,0.700000
916,29538,0.499974
916,30003,0.689522
916,30681,0.900000
916,3135,0.698596
916,32594,0.736185
916,32983,0.724642
916,33488,0.816476
916,34057,0.687013
916,34573,0.747407
916,35214,0.613472
916,35395,1.000000
916,35807,0.682359
916,36557,0.500000
916,37201,0.760085
916,38269,0.500000
916,39384,0.688226
916,3988,0.820630
916,40401,0.500000
916,41060,0.729415
916,41553,0.650055
916,42087,0.602529
916,4249,0.661092
916,4329,0.657055
916,43979,0.786217
916,44423,0.767343
916,45333,0.785980
916,46328,0.570741
916,46659,0.741345
916,47246,0.685680
916,47736,0.500000
916,48232,0.762696
916,483,0.800000
916,49220,0.802741
916,49485,0.500000
916,50173,0.626107
916,5062,0.831762
916,51435,0.706591
916,51760,0.786217
916,52234,0.633447
916,53198,0.707449
916,53646,0.860555
916,54014,0.694799
916,54343,0.300000
916,54903,0.714976
916,55161,1.000000
916,55581,0.764349
916,55749,0.757896
916,56053,0.723785
916,56370,0.625623
916,56841,0.500000
916,57281,0.671256
916,5777,0.500000
916,5806,0.685191
916,58395,0.665571
916,5886,0.763423
916,59330,0.763302
916,59629,0.692752
916,60078,0.600000
916,60424,0.659063
916,60775,0.900000
916,61034,1.000000
916,61932,0.697043
916,62745,1.000000
916,63453,0.638971
916,64377,1.000000
916,6474,0.728840
916,65516,0.749993
916,65842,0.722196
916,66499,0.670671
916,7009,0.761251
916,7296,0.500000
916,8029,0.640704
916,823,1.000000
916,893,0.676143
916,9843,1.000000
919,12034,0.962390
919,18152,0.897697
919,25422,1.009160
919,40265,0.738513
919,48877,0.925972
919,52705,0.766667
919,56315,1.000000
919,5809,0.974014
919,61720,0.964617
919,8784,1.000000
921,19203,0.866667
921,34815,0.875854
926,15587,0.880327
926,35994,1.050000
926,55828,0.872044
929,28501,0.500000
941,11161,0.808407
941,18152,0.850000
941,48229,0.875914
941,49852,0.838184
941,55388,0.813216
941,60624,0.823813
944,57491,0.500000
945,50382,0.500000
947,26405,0.703036
947,38657,0.919028
947,60645,0.619726
949,10402,1.000000
950,11322,0.782535
950,20641,0.763874
950,38700,0.682592
950,49948,0.742098
952,20380,0.460712
952,21581,1.000000
956,42215,0.500000
963,11161,0.990011
963,20645,1.035587
963,24251,0.969570
963,56560,0.970571
964,51696,1.050000
969,24032,0.900000
975,20641,0.987500
985,28059,0.800000
990,2726,0.500000
990,64530,0.500000
1000,10563,0.833333
1000,17293,0.993096
1000,24871,0.987900
1000,2776,1.028069
1000,41680,0.942366
1000,47429,0.562500
1000,53990,0.640000
1000,9214,1.084563
1003,48210,1.000000
1006,11804,0.500000
1006,31003,0.539668
1006,38700,0.719010
1006,49829,0.774919
1006,60546,0.940094
1008,32045,0.500000
1042,26792,0.954114
1042,56591,0.693335
1044,1097,0.763921
1044,13645,0.891003
1044,15587,0.845504
1044,17330,0.940830
1044,20411,0.890834
1044,21576,0.880089
1044,2397,0.825150
1044,25460,0.876602
1044,26642,0.858651
1044,28315,0.870086
1044,32439,0.846107
1044,34061,0.885091
1044,348,0.861320
1044,37357,0.800308
1044,41496,0.822890
1044,4329,0.774171
1044,45309,0.813676
1044,47207,0.822094
1044,49883,0.886831
1044,51434,0.868472
1044,53198,0.821166
1044,56615,0.958954
1044,58556,0.751431
1044,62462,0.869092
1044,64444,0.746095
1044,6532,0.871237
1044,8039,0.813493
1044,9849,0.862705
1045,57492,0.500000
1047,43529,0.082837
1049,11322,0.816702
1049,192,0.787799
1049,24871,0.843572
1049,35494,0.766583
1049,43529,0.773443
1049,5125,0.743358
1049,60126,0.765161
1049,60864,0.854372
1052,13824,0.888123
1052,24036,0.823962
1052,3449,0.650965
1052,40769,0.776261
1052,45476,0.652048
1052,49762,0.600000
1052,56915,0.852337
1052,7011,0.712771
1053,39905,0.879582
1055,65255,0.825000
1060,17971,0.704471
1060,59471,0.799812
1061,12034,0.852011
1061,18152,0.896909
1061,28315,0.915128
1061,35874,0.958058
1061,46207,0.928924
1061,49829,0.742259
1061,53497,0.952159
1061,5806,0.842350
1061,60864,0.962059
1061,64077,0.949145
1061,9250,0.762398
1063,34461,0.500000
1066,23831,0.550000
1068,23831,0.500000
1077,14392,0.887237
1077,40523,1.100000
1077,63684,0.940000
1079,10290,1.066608
1079,10377,0.995734
1079,10547,1.043508
1079,1070,1.055418
1079,10914,0.200000
1079,11135,1.067228
1079,11516,0.893482
1079,12034,0.965471
1079,12210,0.992316
1079,12574,0.941344
1079,12788,1.115873
1079,13096,0.866540
1079,13224,1.075039
1079,1349,0.948380
1079,13824,1.115196
1079,1416,0.908297
1079,14392,0.834418
1079,1476,0.700000
1079,14975,0.901765
1079,15535,0.913992
1079,15944,0.914831
1079,16209,0.600000
1079,16525,0.800000
1079,16752,0.720748
1079,16984,0.878976
1079,17283,0.883563
1079,174,0.863627
1079,17656,0.991456
1079,18103,0.988942
1079,18181,1.108288
1079,18767,0.912898
1079,18962,1.032215
1079,19203,1.003516
1079,19349,0.923539
1079,19502,1.133510
1079,19704,0.993449
1079,19878,1.026836
1079,19973,1.043508
1079,20318,0.843984
1079,20411,1.051053
1079,2062,0.785974
1079,20800,1.017378
1079,21055,0.500000
1079,21201,0.893564
1079,21409,0.950000
1079,21578,0.946287
1079,21803,0.910655
1079,22068,1.076884
1079,22297,1.017909
1079,22375,0.974366
1079,22525,0.969271
1079,23076,1.072654
1079,23395,1.072988
1079,23661,0.500000
1079,2396,1.047145
1079,24066,1.061629
1079,24297,1.124610
1079,24811,0.801765
1079,24963,1.051080
1079,25318,0.982733
1079,25424,1.059939
1079,25490,0.961629
1079,25670,0.881300
1079,25704,1.100000
1079,25823,0.993443
1079,26405,1.036598
1079,26575,1.006962
1079,26792,0.950945
1079,27122,1.010944
1079,27530,0.500000
1079,27673,1.057613
1079,27931,1.008553
1079,28280,1.064854
1079,28742,0.724375
1079,29063,0.990297
1079,29330,0.879148
1079,29592,0.995771
1079,29977,1.127406
1079,30259,1.057642
1079,30670,0.948997
1079,31024,1.099235
1079,31831,0.945818
1079,32404,0.961851
1079,32491,0.980990
1079,32807,0.800000
1079,33047,0.957948
1079,33255,0.500000
1079,33709,1.086199
1079,34056,0.500000
1079,34201,0.948997
1079,34404,1.071619
1079,3448,0.600000
1079,34637,0.998076
1079,348,1.015949
1079,35110,0.933586
1079,3524,0.993449
1079,35415,0.898251
1079,35556,0.800000
1079,3583,1.122533
1079,35994,0.937952
1079,36376,1.024146
1079,36749,1.002734
1079,36866,1.060364
1079,37135,0.920519
1079,37359,0.914367
1079,37592,1.032646
1079,38192,0.700000
1079,38520,1.035530
1079,39097,0.976195
1079,39429,0.610695
1079,39545,0.947328
1079,39956,0.844067
1079,40160,0.600000
1079,40523,0.926156
1079,40771,0.957996
1079,4109,0.762357
1079,41330,0.500000
1079,41545,0.500000
1079,41680,0.975678
1079,41763,0.672303
1079,4209,0.300000
1079,42173,1.148380
1079,42237,0.998097
1079,42508,1.202231
1079,42644,0.860470
1079,43310,0.899959
1079,43398,1.028740
1079,43675,1.039332
1079,44060,0.951317
1079,44216,1.053654
1079,44439,0.991680
1079,44923,1.023272
1079,45178,1.108297
1079,45476,0.780821
1079,45729,1.057141
1079,46094,0.800000
1079,465,0.871315
1079,46620,1.000000
1079,46701,0.923714
1079,46885,1.077271
1079,47246,0.925156
1079,47617,0.958792
1079,47821,1.085000
1079,48000,0.700000
1079,48229,1.000501
1079,4824,0.995223
1079,48514,0.952566
1079,48770,0.983959
1079,4919,1.083785
1079,49269,1.050000
1079,49549,0.805911
1079,49762,0.600000
1079,49853,1.048251
1079,49947,0.912405
1079,50186,1.000005
1079,50407,1.133922
1079,50556,1.017806
1079,50934,1.100944
1079,5124,0.938298
1079,51418,1.148380
1079,51478,0.948370
1079,51694,1.097748
1079,5192,0.812424
1079,52234,0.838049
1079,5268,0.800000
1079,52874,1.075338
1079,53144,1.000000
1079,53421,0.970612
1079,53676,1.004508
1079,53951,0.974358
1079,54140,0.738366
1079,54336,0.976057
1079,54614,0.887266
1079,54776,0.995657
1079,54893,1.056796
1079,55025,1.039200
1079,55248,0.750000
1079,55388,0.967687
1079,55581,0.984902
1079,55698,1.000000
1079,55920,0.912900
1079,5599,0.876284
1079,56111,0.977256
1079,56292,0.946697
1079,56402,0.904049
1079,56558,0.979731
1079,56615,1.103586
1079,56915,1.088505
1079,5710,0.989431
1079,57281,0.935828
1079,57559,1.046016
1079,5777,0.500000
1079,58033,0.997140
1079,58106,0.935288
1079,58302,0.300000
1079,58527,1.044919
1079,5875,0.881544
1079,58851,0.500000
1079,59085,0.985233
1079,59471,1.049030
1079,59728,0.882053
1079,59953,0.923389
1079,60017,0.929801
1079,60195,0.874514
1079,60387,1.067001
1079,60547,0.900000
1079,60775,0.900000
1079,61034,1.000000
1079,61232,0.500000
1079,61561,0.886836
1079,61859,1.095576
1079,62409,1.100105
1079,62536,0.951111
1079,62593,0.887720
1079,62792,1.164419
1079,63073,0.939841
1079,63700,0.902502
1079,64091,0.955187
1079,64315,1.025458
1079,64444,0.881467
1079,6467,1.095888
1079,65098,1.000000
1079,6531,0.905494
1079,6538,0.955433
1079,65516,1.013016
1079,65795,1.029002
1079,6616,1.050053
1079,66499,0.932582
1079,6834,0.880329
1079,7019,0.743508
1079,7293,0.858901
1079,7684,0.951390
1079,8029,0.885221
1079,830,0.904920
1079,8545,1.016501
1079,8784,1.004414
1079,9180,1.074689
1079,9262,1.084398
1079,9900,0.871226
1083,37788,0.500000
1086,54146,0.704097
1086,7684,0.703412
1092,16713,0.189079
1092,36096,0.726117
1092,4679,0.827241
1092,5708,0.712743
1092,66600,0.500000
1093,20644,0.936672
1093,25775,0.500000
1093,46603,1.175751
1093,52672,0.942915
1099,51696,0.749028
1103,49419,0.700000
1109,10335,0.822656
1109,16713,0.705178
1109,17474,0.854639
1109,2096,0.713902
1109,26280,0.828332
1109,34987,0.892521
1109,39530,0.790679
1109,45309,0.769753
1109,49294,0.783895
1109,55304,0.831665
1109,5801,0.814544
1109,62530,0.767573
1109,7011,0.763093
1113,26405,0.730733
1113,54336,0.761290
1113,8538,0.719889
1123,26792,0.842644
1123,54146,0.580597
1127,20641,0.972240
1127,3801,1.165999
1127,55248,0.750000
1129,17422,0.691667
1132,42237,0.751087
1140,54336,0.790270
1163,53497,0.603424
1168,21143,0.733333
1168,49945,1.002828
1170,54718,0.271448
1170,65230,0.361858
1175,31207,0.681811
1175,54146,0.794524
1175,56915,0.874713
1178,12505,0.666667
1179,3801,0.777090
1180,16969,0.850288
1180,387,0.500000
1180,8538,0.773485
1188,237,0.669744
1188,49294,0.679071
1195,52428,0.733333
1202,7684,0.779233
1206,55828,1.054364
1220,17422,0.780189
1222,47784,0.498432
1243,16694,0.625424
1243,24060,0.500000
1243,62530,0.652547
1255,17293,0.500000
1261,20251,0.810095
1261,35507,0.953463
1261,42237,0.959032
1261,49220,0.879839
1261,56916,0.932622
1261,65497,0.930759
1263,62530,0.950000
1280,39384,0.623227
1282,10376,0.552512
1282,12484,0.565381
1282,1416,0.500965
1282,16930,0.603230
1282,17474,0.678336
1282,18979,0.604381
1282,20642,0.632229
1282,21317,0.594964
1282,22013,0.598749
1282,2350,0.697437
1282,24237,0.545071
1282,25422,0.653426
1282,25777,0.598789
1282,26405,0.549205
1282,26791,0.687895
1282,29948,0.518878
1282,31831,0.592741
1282,32983,0.623106
1282,33734,0.523945
1282,348,0.637770
1282,35507,0.641353
1282,36449,0.574889
1282,37357,0.575212
1282,38700,0.673995
1282,40134,0.766508
1282,42626,0.699587
1282,44423,0.672484
1282,45309,0.593919
1282,46659,0.615580
1282,47483,0.494093
1282,48232,0.655917
1282,49266,0.606858
1282,49853,0.669179
1282,5125,0.567504
1282,52351,0.719269
1282,54053,0.579471
1282,54931,0.621382
1282,55695,0.601279
1282,56292,0.585758
1282,56960,0.604157
1282,57847,0.631274
1282,58104,0.621389
1282,5894,0.558659
1282,60584,0.646585
1282,61720,0.585411
1282,63684,0.653705
1282,64254,0.499244
1282,65255,0.602498
1282,6632,0.587201
1282,8039,0.607262
1282,8568,0.682510
1282,926,0.625603
1289,101,0.823166
1289,12168,0.916804
1289,14057,0.834059
1289,15716,0.904360
1289,16930,0.820645
1289,18284,0.868049
1289,192,0.833392
1289,20409,0.867554
1289,210,0.829179
1289,22013,0.809965
1289,22375,0.814951
1289,23411,0.690066
1289,24147,0.785665
1289,25424,0.872088
1289,25820,0.791026
1289,26656,0.758901
1289,27931,0.838988
1289,29977,0.959704
1289,32439,0.826189
1289,32983,0.836142
1289,3447,0.705071
1289,35370,0.850764
1289,35994,0.822986
1289,37201,0.868819
1289,384,0.820090
1289,39936,0.916804
1289,41554,0.815585
1289,42121,0.885107
1289,4329,0.758144
1289,44419,0.917030
1289,464,0.854762
1289,4726,0.828963
1289,48019,0.833108
1289,48877,0.773163
1289,49704,0.716403
1289,50186,0.857935
1289,51405,0.700000
1289,52351,0.906282
1289,53676,0.842360
1289,54146,0.742518
1289,54752,0.785025
1289,55633,0.791758
1289,5592,0.863587
1289,56103,0.748373
1289,56915,0.900137
1289,57215,0.877758
1289,58033,0.878253
1289,58257,0.845433
1289,58851,0.500000
1289,60017,0.756431
1289,61561,0.754960
1289,62536,0.792870
1289,64077,0.898448
1289,64529,0.874785
1289,6475,0.857254
1289,66499,0.814431
1289,8028,0.742317
1289,9214,0.982445
1291,35395,0.900000
1291,43004,0.600000
1293,51696,0.500000
1295,21577,0.578749
1295,53645,0.850000
1297,192,0.812935
1297,23033,0.500000
1297,26642,0.838701
1297,42370,0.792002
1297,48058,0.762468
1297,51516,0.889507
1297,57281,0.692561
1297,65255,0.779627
1300,15587,0.841600
1300,54146,0.676007
1305,48022,0.500000
1312,21576,0.854078
1312,44740,0.900556
1312,56370,0.728804
1312,59613,0.763482
1318,20642,0.807909
1318,34396,0.500000
1318,45119,0.764030
1318,5445,0.500000
1318,5510,0.500000
1318,56853,0.798486
1318,59471,0.860292
1324,49792,0.500000
1331,2250,0.500000
1331,55682,0.850000
1339,17293,0.812038
1339,48509,0.733333
1348,14569,0.500000
1356,62530,0.500000
1360,26374,0.700000
1362,40265,0.667452
1363,25698,0.800000
1367,20644,0.971494
1367,36315,0.725000
1367,58804,0.924956
1369,49829,0.150000
1372,53990,0.756927
1379,52952,0.500000
1385,12505,0.557638
1385,36449,0.876201
1385,64182,0.630817
1390,62530,0.567208
1393,35110,0.761757
1396,13762,0.920916
1396,16694,0.810185
1396,20642,0.886583
1396,33689,0.750000
1396,37353,0.500000
1396,49852,0.790775
1396,53675,1.000000
1396,55639,0.865455
1396,58257,0.898265
1396,64316,0.843989
1396,7006,1.014118
1398,14057,0.467167
1398,32983,0.437067
1398,34987,0.544153
1398,45119,0.434396
1398,60126,0.422583
1398,7877,0.547831
1401,10335,0.706929
1401,11135,0.750416
1401,12662,0.643567
1401,14302,0.719478
1401,15273,0.588529
1401,16188,0.711903
1401,17015,0.606496
1401,18284,0.706753
1401,19726,0.688686
1401,20411,0.729473
1401,21508,0.324972
1401,22079,0.729059
1401,23059,0.727054
1401,23791,0.635555
1401,25422,0.724049
1401,25803,0.702626
1401,26656,0.613867
1401,27122,0.690900
1401,29023,0.573263
1401,30936,0.664171
1401,3190,0.766667
1401,32961,0.617890
1401,3317,0.649603
1401,34359,0.635037
1401,34987,0.788795
1401,3583,0.523749
1401,36753,0.587161
1401,37357,0.650565
1401,39097,0.627273
1401,39980,0.800000
1401,42113,0.578983
1401,4329,0.616174
1401,44142,0.714303
1401,45333,0.761234
1401,45729,0.745130
1401,46701,0.615726
1401,47483,0.550147
1401,4823,0.657401
1401,48752,0.583716
1401,49294,0.655754
1401,50518,0.759750
1401,51405,0.700000
1401,5166,0.676520
1401,53309,0.679475
1401,54613,0.614350
1401,55307,0.779847
1401,55749,0.705437
1401,56292,0.660182
1401,5708,0.669401
1401,57580,0.650405
1401,5808,0.675776
1401,58332,0.716100
1401,5884,0.717699
1401,59613,0.605952
1401,60584,0.728197
1401,60958,0.511351
1401,62460,0.703752
1401,63684,0.708629
1401,64256,0.735825
1401,65544,0.611742
1401,6834,0.614953
1401,8350,0.800000
1401,9250,0.571397
1403,10377,0.839234
1403,11580,1.000000
1403,14392,0.630767
1403,15716,0.959500
1403,16532,0.865692
1403,17971,0.820700
1403,19224,0.823202
1403,2096,0.824146
1403,23411,0.651778
1403,25823,0.836304
1403,28315,0.849350
1403,30625,0.600000
1403,32439,0.818913
1403,34057,0.774228
1403,34815,0.821467
1403,3555,0.857051
1403,3685,0.906625
1403,40769,0.819492
1403,42370,0.691814
1403,44740,0.911720
1403,46658,0.842195
1403,47784,0.883554
1403,49432,0.850000
1403,5124,0.761026
1403,53497,0.869191
1403,54776,0.843163
1403,55952,0.700000
1403,57277,0.855673
1403,59613,0.705955
1403,60264,0.828560
1403,61232,0.500000
1403,62800,0.906489
1403,64934,0.500000
1403,6632,0.790248
1403,781,0.908656
1403,8546,0.500000
1403,9951,0.724785
1420,10402,1.000000
1420,26374,0.700000
1420,35110,0.940838
1420,50418,0.700000
1420,57491,0.939745
1420,65389,0.800000
1422,10223,0.500000
1422,10415,0.500000
1422,10578,0.500000
1422,1085,0.500000
1422,11169,0.500000
1422,1135,0.500000
1422,11551,0.500000
1422,11676,0.500000
1422,11954,0.500000
1422,12078,0.500000
1422,12252,0.500000
1422,1231,0.500000
1422,1263,0.500000
1422,12944,0.500000
1422,13121,0.500000
1422,13572,0.500000
1422,13850,0.500000
1422,13935,0.500000
1422,14149,0.500000
1422,1437,0.500000
1422,14474,0.500000
1422,14813,0.460315
1422,15331,0.500000
1422,15584,0.500000
1422,15799,0.500000
1422,16123,0.500000
1422,16249,0.500000
1422,16516,0.500000
1422,16711,0.500000
1422,1682,0.500000
1422,16882,0.500000
1422,16980,0.500000
1422,1727,0.500000
1422,17398,0.500000
1422,17590,0.500000
1422,17984,0.500000
1422,18190,0.500000
1422,18292,1.000000
1422,18529,0.500000
1422,18894,0.176909
1422,19226,0.500000
1422,19439,0.484658
1422,19788,0.500000
1422,19961,0.396003
1422,20145,0.500000
1422,20278,0.500000
1422,20381,0.612863
1422,20520,1.000000
1422,20673,0.500000
1422,21001,0.500000
1422,21281,0.500000
1422,21517,0.500000
1422,21665,0.500000
1422,2192,0.500000
1422,22247,0.500000
1422,226,0.500000
1422,22770,0.500000
1422,2301,0.900000
1422,23309,0.500000
1422,2338,0.363184
1422,23465,0.691499
1422,2364,0.500000
1422,2387,0.500000
1422,24066,0.560827
1422,24259,0.500000
1422,24402,0.500000
1422,24600,0.389649
1422,24748,0.500000
1422,2487,0.500000
1422,25040,0.500000
1422,25137,0.500000
1422,2526,0.500000
1422,25432,0.500000
1422,25581,0.459871
1422,25771,0.500000
1422,2605,0.500000
1422,26429,0.500000
1422,26664,0.500000
1422,26967,0.500000
1422,27206,0.500000
1422,27362,0.500000
1422,27688,0.500000
1422,28001,0.500000
1422,28291,0.500000
1422,2846,0.500000
1422,2883,0.500000
1422,29081,0.500000
1422,29366,0.500000
1422,29593,0.500000
1422,29860,0.500000
1422,30106,0.500000
1422,30322,0.500000
1422,3051,0.286040
1422,30699,0.500000
1422,30943,0.500000
1422,31059,0.500000
1422,31201,0.500000
1422,31492,0.500000
1422,31784,0.500000
1422,3208,0.500000
1422,32308,0.500000
1422,32618,0.500000
1422,32754,0.500000
1422,32969,0.500000
1422,33130,0.500000
1422,33534,0.700000
1422,33612,0.500000
1422,33897,0.500000
1422,34271,0.500000
1422,34679,0.614468
1422,35025,0.500000
1422,35204,0.500000
1422,35385,0.500000
1422,35496,0.500000
1422,35675,0.500000
1422,35852,0.500000
1422,36033,0.500000
1422,36261,0.500000
1422,36737,0.500000
1422,37038,0.500000
1422,37224,0.500000
1422,37297,0.500000
1422,3750,0.500000
1422,37702,0.500000
1422,3801,0.659258
1422,38342,0.500000
1422,38657,0.534458
1422,38780,0.500000
1422,39018,0.500000
1422,39131,0.500000
1422,39302,0.500000
1422,39530,0.505279
1422,39752,0.500000
1422,39856,0.500000
1422,40130,0.500000
1422,40654,0.500000
1422,40922,0.500000
1422,41006,0.500000
1422,41222,0.500000
1422,41403,0.568901
1422,41499,0.500000
1422,41648,0.500000
1422,41906,0.500000
1422,42058,0.500000
1422,42203,0.535757
1422,42318,0.500000
1422,42564,0.500000
1422,42805,0.500000
1422,43159,0.500000
1422,43323,0.500000
1422,43478,0.500000
1422,43655,0.500000
1422,43813,0.500000
1422,44140,0.500000
1422,44477,0.500000
1422,44672,0.500000
1422,45065,0.500000
1422,4524,0.646816
1422,45599,0.500000
1422,45703,0.500000
1422,4586,0.500000
1422,46322,0.500000
1422,4647,0.500000
1422,4677,0.500000
1422,46995,0.566080
1422,47104,0.500000
1422,4726,0.497720
1422,47511,0.500000
1422,47784,0.607052
1422,4800,0.500000
1422,48294,0.500000
1422,4846,0.500000
1422,48630,0.500000
1422,4875,0.500000
1422,48870,0.500000
1422,49119,0.500000
1422,49202,0.500000
1422,49353,0.500000
1422,49461,0.500000
1422,4966,0.654412
1422,49787,0.500000
1422,49906,0.500000
1422,50130,0.500000
1422,50426,0.500000
1422,50793,0.500000
1422,50935,0.500000
1422,51179,0.500000
1422,51358,0.500000
1422,51496,0.500000
1422,51696,0.617358
1422,51904,0.500000
1422,52000,0.500000
1422,52388,0.500000
1422,52629,0.500000
1422,52741,0.500000
1422,52904,0.500000
1422,52958,0.500000
1422,53031,0.500000
1422,53086,0.500000
1422,53309,0.534107
1422,53690,0.500000
1422,53877,0.500000
1422,54029,0.500000
1422,54200,0.500000
1422,54316,0.500000
1422,54611,0.500000
1422,54795,0.500000
1422,54857,0.500000
1422,54951,0.500000
1422,55064,0.500000
1422,55138,0.500000
1422,55187,0.500000
1422,55271,0.500000
1422,55335,0.500000
1422,55431,0.500000
1422,55555,0.500000
1422,55685,0.700000
1422,55936,0.595465
1422,55981,0.500000
1422,56103,0.471814
1422,56221,0.500000
1422,5644,0.500000
1422,56500,0.500000
1422,56576,0.429386
1422,56813,0.500000
1422,5688,0.500000
1422,57037,0.500000
1422,57314,0.500000
1422,57513,0.500000
1422,57723,0.500000
1422,58022,0.500000
1422,58129,0.500000
1422,58319,0.500000
1422,58406,0.500000
1422,58491,0.500000
1422,58653,0.500000
1422,58808,0.500000
1422,58983,0.500000
1422,59186,0.500000
1422,59487,0.500000
1422,59758,0.500000
1422,60009,0.161024
1422,60088,0.500000
1422,60255,0.500000
1422,60385,0.500000
1422,60516,0.500000
1422,60645,0.484504
1422,60855,0.710172
1422,6095,0.500000
1422,61063,0.500000
1422,61239,0.500000
1422,61372,0.500000
1422,61609,0.500000
1422,61937,0.375154
1422,62219,0.500000
1422,62332,0.500000
1422,62522,0.500000
1422,6265,0.500000
1422,62886,0.500000
1422,63051,0.500000
1422,63365,0.500000
1422,63668,0.500000
1422,63853,0.500000
1422,64171,0.500000
1422,64422,0.533603
1422,64608,0.500000
1422,64923,0.500000
1422,65075,0.500000
1422,65292,0.500000
1422,65342,0.500000
1422,65507,0.500000
1422,6571,0.500000
1422,65850,0.500000
1422,66003,0.500000
1422,66183,0.500000
1422,6745,0.500000
1422,7038,0.500000
1422,7272,0.500000
1422,7462,0.500000
1422,7677,0.500000
1422,7933,0.500000
1422,8071,0.500000
1422,8337,0.500000
1422,8478,0.800000
1422,8756,0.500000
1422,8898,0.500000
1422,9201,0.500000
1422,9322,0.500000
1422,9540,0.500000
1422,983,0.500000
1422,9994,0.500000
1428,42237,0.901193
1433,10341,0.801680
1433,11598,0.899183
1433,13096,0.684411
1433,14302,0.842961
1433,16969,0.779508
1433,17363,0.773827
1433,18112,0.769781
1433,19439,0.791868
1433,20800,0.820755
1433,22197,0.829714
1433,22753,0.778714
1433,24147,0.763641
1433,25426,0.500000
1433,26324,0.814213
1433,26736,0.767222
1433,28315,0.829557
1433,31003,0.617353
1433,32983,0.787914
1433,34507,0.852084
1433,3522,0.833373
1433,36096,0.822565
1433,38195,0.779190
1433,39197,0.768396
1433,40402,0.749385
1433,42173,0.945617
1433,42313,0.700065
1433,43529,0.690529
1433,4493,0.844324
1433,47483,0.672428
1433,4824,0.814489
1433,49932,0.869686
1433,50533,0.832045
1433,53060,0.740263
1433,54840,0.640745
1433,55984,1.000000
1433,56995,0.795523
1433,57281,0.716467
1433,58556,0.708775
1433,59613,0.719807
1433,60779,0.789288
1433,62460,0.809671
1433,63700,0.740830
1433,65490,1.000000
1433,77,0.858913
1433,9180,0.878855
1434,11135,0.835921
1434,12207,0.824964
1434,13493,0.755651
1434,15179,0.766802
1434,16023,0.500000
1434,17015,0.694748
1434,17496,0.707075
1434,18759,0.771754
1434,2035,0.650000
1434,21143,0.762759
1434,22068,0.858454
1434,23457,0.722579
1434,24010,0.795432
1434,24871,0.808403
1434,25674,0.616646
1434,26324,0.782386
1434,27672,0.814846
1434,30249,0.671211
1434,32404,0.755733
1434,32983,0.768595
1434,34507,0.819789
1434,35507,0.798874
1434,36803,0.791069
1434,3871,0.718641
1434,40282,0.783249
1434,41680,0.756621
1434,42289,0.500000
1434,43310,0.671666
1434,44656,0.712892
1434,45249,0.519402
1434,46328,0.615222
1434,47483,0.636555
1434,48019,0.781158
1434,49294,0.742713
1434,49853,0.824371
1434,51303,0.600000
1434,52672,0.759264
1434,54146,0.694078
1434,55322,0.627629
1434,56214,0.806074
1434,56461,0.788329
1434,57278,0.900000
1434,58104,0.770141
1434,59601,0.757205
1434,60864,0.810834
1434,6310,0.750870
1434,64081,0.815846
1434,65191,0.850320
1434,66184,0.768671
1434,7515,0.684078
1434,9201,0.500000
1434,9900,0.630622
1437,28059,1.015484
1437,63684,0.814055
1445,18330,0.728571
1445,62530,0.848542
1450,15340,0.790905
1450,21143,0.697986
1450,2533,0.763928
1450,26324,0.720825
1450,29948,0.637570
1450,35989,0.500000
1450,39384,0.675650
1450,4329,0.632766
1450,48019,0.711549
1450,50514,0.800000
1450,53674,0.698800
1450,56615,0.805745
1450,62537,0.667230
1450,8039,0.669120
1451,1952,0.500000
1455,57699,0.500000
1456,12484,0.820167
1456,16930,0.857330
1456,18112,0.866602
1456,20641,0.936856
1456,21317,0.853538
1456,22333,0.847990
1456,23791,0.851793
1456,24871,0.908576
1456,26280,0.916064
1456,27476,0.800000
1456,31831,0.845546
1456,33689,0.724218
1456,36096,0.887867
1456,38195,0.851036
1456,40282,0.894200
1456,42533,0.869567
1456,45309,0.857015
1456,47207,0.862613
1456,48019,0.872706
1456,4824,0.879131
1456,5000,0.708858
1456,51434,0.883775
1456,54612,0.869234
1456,55633,0.837742
1456,56437,0.500000
1456,57281,0.770132
1456,58257,0.867389
1456,60780,0.868044
1456,62462,0.888393
1456,65502,0.841940
1456,7011,0.824063
1456,9250,0.751715
1460,17422,0.787957
1464,1342,0.963846
1464,22059,1.025053
1464,25490,0.913011
1464,29730,0.952652
1464,44216,0.977048
1464,57262,0.960093
1469,10335,0.613671
1469,21508,0.274430
1469,25423,0.665852
1469,26736,0.536233
1469,331,0.538199
1469,36096,0.587241
1469,45309,0.554411
1469,4824,0.581350
1469,53309,0.581834
1469,55608,0.650301
1469,57537,0.623628
1469,5894,0.524377
1469,64422,0.581865
1469,8039,0.560544
1474,42237,0.620503
1475,42237,0.199080
1489,603,0.500000
1490,10376,0.740966
1490,1070,0.897014
1490,10914,0.200000
1490,11135,0.916770
1490,11685,0.708206
1490,12662,0.783014
1490,13116,0.924565
1490,1351,0.729664
1490,1415,0.713318
1490,14897,0.795197
1490,15535,0.731514
1490,16142,0.650505
1490,16752,0.576734
1490,17283,0.719504
1490,17545,0.873569
1490,18147,0.806004
1490,19054,0.876423
1490,19349,0.766209
1490,19726,0.842839
1490,19961,0.731909
1490,20445,0.803143
1490,20800,0.857711
1490,21317,0.806927
1490,21983,0.851533
1490,22197,0.855909
1490,22477,0.771849
1490,23087,0.695550
1490,23465,0.955990
1490,23791,0.742720
1490,24600,0.721206
1490,2503,0.870102
1490,25450,0.767290
1490,25746,0.879861
1490,25823,0.847999
1490,26556,0.939689
1490,26736,0.805213
1490,27216,0.871151
1490,27703,0.839109
1490,28359,0.802967
1490,2902,0.786185
1490,29949,0.750141
1490,31023,0.890903
1490,31831,0.777482
1490,3248,0.794238
1490,3301,0.778708
1490,3318,0.852625
1490,3398,0.814223
1490,34360,0.950000
1490,3468,0.881781
1490,35370,0.845060
1490,35707,0.827850
1490,36046,0.812296
1490,36753,0.752355
1490,36907,0.900054
1490,37246,0.689173
1490,3871,0.747967
1490,39484,0.760802
1490,39956,0.701543
1490,40769,0.837914
1490,4143,0.802500
1490,4175,0.871470
1490,4216,0.713318
1490,42370,0.707194
1490,43351,0.800000
1490,44060,0.786940
1490,44462,0.813246
1490,4524,0.891794
1490,45787,0.879203
1490,46209,0.907720
1490,46617,0.698950
1490,46729,0.777604
1490,4726,0.815585
1490,47821,0.917606
1490,48232,0.849617
1490,48573,0.879596
1490,49190,0.902245
1490,49574,0.728907
1490,49853,0.849614
1490,5000,0.657539
1490,50533,0.874889
1490,51243,0.804926
1490,51476,0.732543
1490,51915,0.823093
1490,52794,0.907206
1490,53060,0.741906
1490,53392,0.891890
1490,53756,0.855147
1490,54217,0.854351
1490,54612,0.787967
1490,54807,0.713345
1490,55003,0.851303
1490,55562,0.779153
1490,55828,0.894033
1490,56131,0.600000
1490,56370,0.725788
1490,56535,0.896192
1490,56615,0.948888
1490,57083,0.846337
1490,57354,0.700000
1490,5801,0.831026
1490,58106,0.775845
1490,58395,0.755658
1490,59085,0.810201
1490,59728,0.727556
1490,59994,0.746982
1490,60547,0.900000
1490,60864,0.869162
1490,61720,0.786840
1490,62504,0.807919
1490,62745,1.000000
1490,63349,0.807919
1490,64081,0.882514
1490,6467,0.927763
1490,65260,0.848026
1490,65520,0.860912
1490,66385,0.812654
1490,6931,0.990124
1490,7022,0.628938
1490,781,0.902136
1490,8063,0.497138
1490,8567,0.870877
1490,893,0.788608
1490,9229,0.764977
1490,9717,0.902136
1490,9952,0.789689
1491,60624,0.719038
1517,47429,0.500000
