6,20251,1.000000
6,53784,1.000000
6,46000,1.000000
6,23082,1.000000
6,25704,1.000000
6,20461,1.000000
6,24631,1.000000
6,10294,1.000000
6,58794,1.000000
6,35874,1.000000
7,21579,1.000000
7,20251,1.000000
7,46000,1.000000
7,23082,1.000000
7,53784,1.000000
7,20461,1.000000
7,24631,1.000000
7,10294,1.000000
7,58794,1.000000
7,25704,1.000000
8,55672,1.100000
8,10294,1.050000
8,22059,1.031550
8,55307,1.027253
8,20461,1.000000
8,21579,1.000000
8,60713,1.000000
8,46000,1.000000
8,20251,1.000000
8,24631,1.000000
9,20251,1.000000
9,53784,1.000000
9,46000,1.000000
9,23082,1.000000
9,25704,1.000000
9,20461,1.000000
9,24631,1.000000
9,10294,1.000000
9,58794,1.000000
9,35874,1.000000
11,36434,1.350000
11,60713,1.350000
11,23325,1.300000
11,52661,1.300000
11,60881,1.200000
11,5473,1.200000
11,21456,1.200000
11,42508,1.174518
11,30632,1.166190
11,19023,1.166190
12,9214,1.400000
12,20800,1.400000
12,19879,1.400000
12,42215,1.400000
12,47784,1.350000
12,101,1.350000
12,37592,1.300000
12,30655,1.300000
12,12788,1.300000
12,32454,1.300000
15,63684,1.350000
15,46209,1.200000
15,20643,1.150000
15,19879,1.050000
15,22297,1.050000
15,26792,1.033333
15,20644,1.033333
15,35874,1.000000
15,23082,1.000000
15,24631,1.000000
19,10080,1.450000
19,14815,1.450000
19,484,1.450000
19,34679,1.450000
19,49997,1.450000
19,1697,1.450000
19,56724,1.450000
19,50679,1.400000
19,18104,1.400000
19,40910,1.400000
20,63684,1.350000
20,46209,1.200000
20,20643,1.150000
20,19879,1.050000
20,22297,1.050000
20,26792,1.033333
20,20644,1.033333
20,35874,1.000000
20,23082,1.000000
20,24631,1.000000
24,7877,1.550000
24,66612,1.550000
24,53762,1.450000
24,4824,1.450000
24,46885,1.450000
24,45333,1.400000
24,45814,1.400000
24,64081,1.375000
24,54612,1.366667
24,30976,1.350000
25,63684,1.250000
25,46209,1.100000
25,20643,1.050000
25,20461,1.000000
25,10294,1.000000
25,25704,1.000000
25,35874,1.000000
25,58794,1.000000
25,24631,1.000000
25,46000,1.000000
26,56591,1.250000
26,24253,1.150000
26,60264,1.150000
26,51696,1.150000
26,20645,1.150000
26,59471,1.150000
26,18858,1.133333
26,16969,1.100000
26,36449,1.100000
26,24251,1.100000
45,21579,1.000000
45,20251,1.000000
45,23082,1.000000
45,35874,1.000000
45,25704,1.000000
45,53784,1.000000
45,24631,1.000000
45,20461,1.000000
45,10294,1.000000
45,46000,1.000000
48,14070,1.150000
48,10294,1.136145
48,52661,1.122603
48,57699,1.043805
48,9835,1.014341
48,45178,1.014341
48,17022,1.014341
48,42173,1.002608
48,33910,1.002608
48,51418,1.002608
49,20251,1.000000
49,53784,1.000000
49,46000,1.000000
49,23082,1.000000
49,25704,1.000000
49,20461,1.000000
49,24631,1.000000
49,10294,1.000000
49,58794,1.000000
49,35874,1.000000
56,20251,1.000000
56,53784,1.000000
56,46000,1.000000
56,23082,1.000000
56,25704,1.000000
56,20461,1.000000
56,24631,1.000000
56,10294,1.000000
56,58794,1.000000
56,35874,1.000000
59,56591,1.050000
59,53784,1.000000
59,23082,1.000000
59,46000,1.000000
59,10294,1.000000
59,25704,1.000000
59,20461,1.000000
59,24631,1.000000
59,58794,1.000000
59,35874,1.000000
60,36434,1.250000
60,60713,1.250000
60,30976,1.087717
60,64616,1.050000
60,23831,1.050000
60,26405,1.007781
60,24631,1.000000
60,25704,1.000000
60,35771,1.000000
60,45572,0.950000
61,26405,1.400000
61,39545,1.233333
61,55627,1.200000
61,46658,1.200000
61,41876,1.200000
61,49853,1.200000
61,44683,1.200000
61,23465,1.200000
61,57544,1.200000
61,4111,1.200000
69,36035,1.300000
69,11988,1.278353
69,6052,1.250000
69,44156,1.250000
69,45572,1.250000
69,66208,1.219406
69,38006,1.216928
69,17545,1.208237
69,36562,1.201789
69,62800,1.200000
70,7877,1.250000
70,66612,1.250000
70,53762,1.150000
70,4824,1.150000
70,46885,1.150000
70,45333,1.100000
70,45814,1.100000
70,64081,1.075000
70,42203,1.066667
70,54612,1.066667
74,9214,1.350000
74,16245,1.300000
74,55818,1.300000
74,19879,1.266667
74,43398,1.250000
74,5875,1.200000
74,48291,1.200000
74,20848,1.200000
74,23513,1.200000
74,9533,1.166667
84,10828,1.250000
84,5514,1.250000
84,55672,1.199261
84,55627,1.178353
84,21456,1.177397
84,60013,1.173751
84,5802,1.161516
84,26405,1.157154
84,42508,1.149184
84,20461,1.147209
89,20251,1.000000
89,53784,1.000000
89,46000,1.000000
89,23082,1.000000
89,25704,1.000000
89,20461,1.000000
89,24631,1.000000
89,10294,1.000000
89,58794,1.000000
89,35874,1.000000
93,53109,1.050000
93,49945,1.050000
93,7004,1.050000
93,35494,1.050000
93,43585,1.050000
93,19618,1.050000
93,8823,1.050000
93,25704,1.000000
93,23082,1.000000
93,24631,1.000000
96,55672,1.300000
96,10294,1.250000
96,22059,1.200000
96,20461,1.200000
96,13704,1.200000
96,32055,1.200000
96,5802,1.200000
96,50585,1.200000
96,8858,1.200000
96,28280,1.150000
100,20251,1.000000
100,53784,1.000000
100,46000,1.000000
100,23082,1.000000
100,25704,1.000000
100,20461,1.000000
100,24631,1.000000
100,10294,1.000000
100,58794,1.000000
100,35874,1.000000
101,3801,1.233333
101,40793,1.200000
101,63453,1.200000
101,42174,1.200000
101,57580,1.200000
101,42172,1.200000
101,38657,1.166667
101,23154,1.150000
101,3953,1.150000
101,57491,1.150000
112,5802,1.200000
112,24081,1.150000
112,24079,1.150000
112,33257,1.150000
112,61859,1.150000
112,11598,1.150000
112,32055,1.127561
112,13704,1.127561
112,50585,1.127561
112,55672,1.100000
115,20251,1.000000
115,53784,1.000000
115,46000,1.000000
115,23082,1.000000
115,25704,1.000000
115,20461,1.000000
115,24631,1.000000
115,10294,1.000000
115,58794,1.000000
115,35874,1.000000
116,7877,1.250000
116,35494,1.150000
116,19618,1.150000
116,46885,1.150000
116,34060,1.100000
116,45333,1.100000
116,15179,1.100000
116,42203,1.066667
116,42174,1.050000
116,30976,1.050000
119,51418,1.000000
119,21579,1.000000
119,20251,1.000000
119,23082,1.000000
119,25704,1.000000
119,53784,1.000000
119,24631,1.000000
119,20461,1.000000
119,10294,1.000000
119,46000,1.000000
122,21579,1.000000
122,20251,1.000000
122,46000,1.000000
122,23082,1.000000
122,53784,1.000000
122,20461,1.000000
122,24631,1.000000
122,58794,1.000000
122,10294,1.000000
122,25704,1.000000
123,59085,1.300000
123,14815,1.200000
123,1697,1.200000
123,34679,1.200000
123,47752,1.200000
123,49997,1.200000
123,34404,1.200000
123,1321,1.200000
123,56724,1.200000
123,9134,1.200000
124,46209,1.500000
124,20643,1.450000
124,19879,1.350000
124,26792,1.333333
124,48229,1.300000
124,24252,1.300000
124,63684,1.266868
124,42203,1.266667
124,14070,1.250000
124,6064,1.250000
126,65536,1.000000
126,7196,1.000000
126,56724,1.000000
126,20251,1.000000
126,21579,1.000000
126,3555,1.000000
126,24631,1.000000
126,25704,1.000000
126,46000,1.000000
126,10294,1.000000
127,29977,1.300000
127,19502,1.250000
127,54614,1.200000
127,13733,1.200000
127,4524,1.200000
127,23076,1.200000
127,10935,1.150000
127,18330,1.100000
127,23831,1.100000
127,48235,1.100000
130,40134,1.400000
130,52351,1.400000
130,53927,1.325000
130,18874,1.325000
130,63210,1.300000
130,14889,1.300000
130,22059,1.300000
130,65502,1.300000
130,26575,1.300000
130,18889,1.275000
131,63684,1.650000
131,46209,1.500000
131,46885,1.450000
131,20643,1.450000
131,7877,1.413013
131,22297,1.350000
131,19879,1.350000
131,45333,1.332048
131,42174,1.329072
131,42172,1.300000
134,20251,1.000000
134,53784,1.000000
134,58794,1.000000
134,23082,1.000000
134,25704,1.000000
134,46000,1.000000
134,24631,1.000000
134,20461,1.000000
134,10294,1.000000
134,35874,1.000000
139,20251,1.000000
139,53784,1.000000
139,46000,1.000000
139,23082,1.000000
139,25704,1.000000
139,20461,1.000000
139,24631,1.000000
139,10294,1.000000
139,58794,1.000000
139,35874,1.000000
153,63684,1.250000
153,46209,1.100000
153,20643,1.050000
153,20461,1.000000
153,10294,1.000000
153,25704,1.000000
153,35874,1.000000
153,58794,1.000000
153,24631,1.000000
153,46000,1.000000
156,46173,1.250000
156,17293,1.250000
156,20645,1.200000
156,24253,1.200000
156,64077,1.200000
156,38700,1.150000
156,36449,1.133333
156,18330,1.125000
156,63200,1.100000
156,24251,1.100000
159,60268,1.100000
159,7877,1.076069
159,21087,1.050000
159,5868,1.050000
159,35874,1.050000
159,16049,1.038333
159,3555,1.000000
159,25704,1.000000
159,13142,1.000000
159,24631,1.000000
160,36035,1.400000
160,41609,1.250000
160,10294,1.219364
160,55672,1.206940
160,5802,1.200000
160,20461,1.200000
160,47834,1.200000
160,44156,1.168623
160,50585,1.165134
160,13704,1.165134
161,20251,1.000000
161,53784,1.000000
161,46000,1.000000
161,23082,1.000000
161,25704,1.000000
161,20461,1.000000
161,24631,1.000000
161,10294,1.000000
161,58794,1.000000
161,35874,1.000000
163,38010,1.000000
163,36434,1.000000
163,46661,1.000000
163,51784,1.000000
163,24631,1.000000
163,21579,1.000000
163,60713,1.000000
163,25704,1.000000
163,5802,0.981305
163,5514,0.974422
164,62718,1.200000
164,42173,1.200000
164,32055,1.200000
164,13704,1.200000
164,54663,1.200000
164,50585,1.200000
164,31024,1.200000
164,33910,1.200000
164,56995,1.200000
164,51418,1.200000
174,7196,1.000000
174,60713,1.000000
174,51418,1.000000
174,25704,1.000000
174,21579,1.000000
174,20251,1.000000
174,24631,1.000000
174,20461,1.000000
174,46000,1.000000
174,10294,1.000000
176,10294,1.150000
176,50585,1.124146
176,32055,1.124146
176,13704,1.124146
176,55672,1.100000
176,5802,1.100000
176,32688,1.075854
176,60546,1.050000
176,61859,1.050000
176,24081,1.050000
178,31831,1.300000
178,55388,1.250000
178,56915,1.250000
178,45576,1.250000
178,42237,1.250000
178,44216,1.250000
178,348,1.250000
178,5875,1.250000
178,17247,1.233333
178,59471,1.233333
182,7877,1.150000
182,66612,1.150000
182,53762,1.050000
182,4824,1.050000
182,46885,1.050000
182,54834,1.025818
182,64081,1.015715
182,46000,1.000000
182,20461,1.000000
182,24631,1.000000
188,62718,1.250000
188,42173,1.250000
188,6467,1.250000
188,46825,1.250000
188,52874,1.250000
188,31024,1.250000
188,33910,1.250000
188,51418,1.250000
188,33709,1.250000
188,55823,1.250000
191,51418,1.000000
191,21579,1.000000
191,53784,1.000000
191,20251,1.000000
191,25704,1.000000
191,10294,1.000000
191,24631,1.000000
191,20461,1.000000
191,23082,1.000000
191,46000,1.000000
193,63684,1.350000
193,46209,1.200000
193,20643,1.150000
193,19879,1.050000
193,22297,1.050000
193,26792,1.033333
193,20644,1.033333
193,35874,1.000000
193,23082,1.000000
193,24631,1.000000
195,13824,1.187610
195,36035,1.150000
195,20461,1.150000
195,47834,1.125799
195,1070,1.106222
195,41546,1.100000
195,42172,1.100000
195,5868,1.100000
195,35874,1.100000
195,21087,1.100000
197,63700,1.250000
197,25777,1.250000
197,40748,1.250000
197,60512,1.200000
197,6632,1.150000
197,40608,1.100000
197,43310,1.100000
197,55749,1.050000
197,26736,1.050000
197,26405,1.050000
198,20251,1.000000
198,53784,1.000000
198,46000,1.000000
198,23082,1.000000
198,25704,1.000000
198,20461,1.000000
198,24631,1.000000
198,58794,1.000000
198,10294,1.000000
198,35874,1.000000
203,20251,1.000000
203,53784,1.000000
203,46000,1.000000
203,23082,1.000000
203,25704,1.000000
203,20461,1.000000
203,24631,1.000000
203,10294,1.000000
203,58794,1.000000
203,35874,1.000000
204,66612,1.150000
204,7877,1.150000
204,46885,1.050000
204,53762,1.050000
204,4824,1.050000
204,23082,1.000000
204,25704,1.000000
204,53784,1.000000
204,10294,1.000000
204,24631,1.000000
214,9180,1.350000
214,19879,1.300000
214,5166,1.233333
214,63700,1.233333
214,2350,1.233333
214,32961,1.200000
214,42692,1.200000
214,64804,1.200000
214,53968,1.200000
214,6074,1.200000
221,35646,1.200000
221,4966,1.200000
221,10828,1.150000
221,33257,1.150000
221,42508,1.142164
221,23465,1.125708
221,16049,1.118240
221,65795,1.100000
221,19023,1.094166
221,30632,1.094166
227,3583,1.200000
227,60013,1.185232
227,5514,1.164629
227,55142,1.120740
227,42508,1.086004
227,55672,1.083538
227,52651,1.075630
227,63200,1.057287
227,19023,1.055609
227,30632,1.055609
231,20251,1.000000
231,53784,1.000000
231,46000,1.000000
231,23082,1.000000
231,25704,1.000000
231,20461,1.000000
231,24631,1.000000
231,10294,1.000000
231,58794,1.000000
231,35874,1.000000
234,5875,1.400000
234,56591,1.250000
234,55672,1.250000
234,12788,1.250000
234,65812,1.200000
234,6833,1.200000
234,27193,1.200000
234,16532,1.200000
234,62584,1.200000
234,64256,1.200000
236,20251,1.000000
236,53784,1.000000
236,25704,1.000000
236,58794,1.000000
236,35874,1.000000
236,23082,1.000000
236,24631,1.000000
236,20461,1.000000
236,10294,1.000000
236,46000,1.000000
239,60013,1.350000
239,55142,1.300000
239,52651,1.250000
239,63200,1.200000
239,9586,1.150000
239,6500,1.125799
239,36434,1.100000
239,60713,1.100000
239,30976,1.083924
239,46700,1.050000
240,23465,1.200000
240,41615,1.200000
240,63210,1.150000
240,36035,1.150000
240,47849,1.150000
240,6074,1.120000
240,4493,1.117161
240,65230,1.100000
240,44683,1.100000
240,59085,1.100000
241,10290,1.200000
241,9180,1.200000
241,50533,1.166667
241,54834,1.166667
241,64081,1.166667
241,10335,1.133333
241,33072,1.100000
241,58257,1.100000
241,59471,1.066667
241,47207,1.066667
251,26405,1.210001
251,32055,1.150000
251,50585,1.150000
251,24297,1.150000
251,23831,1.150000
251,25698,1.150000
251,42739,1.150000
251,13704,1.150000
251,18121,1.100000
251,53927,1.100000
258,51418,1.000000
258,21579,1.000000
258,10294,1.000000
258,53784,1.000000
258,20251,1.000000
258,20461,1.000000
258,24631,1.000000
258,46000,1.000000
258,23082,1.000000
258,25704,1.000000
265,55771,1.281046
265,41615,1.200000
265,36046,1.200000
265,15340,1.172749
265,20381,1.157002
265,34987,1.154791
265,47849,1.150000
265,29977,1.150000
265,4657,1.149487
265,26556,1.133333
275,40134,1.300000
275,5296,1.300000
275,51418,1.300000
275,42173,1.300000
275,33910,1.300000
275,62409,1.250000
275,60013,1.250000
275,5835,1.200000
275,7657,1.200000
275,53272,1.200000
276,7196,1.000000
276,60713,1.000000
276,51418,1.000000
276,25704,1.000000
276,21579,1.000000
276,20251,1.000000
276,24631,1.000000
276,20461,1.000000
276,46000,1.000000
276,10294,1.000000
288,5514,1.250000
288,23395,1.150000
288,25704,1.100000
288,10294,1.042864
288,20500,1.000000
288,46661,1.000000
288,36434,1.000000
288,38010,1.000000
288,60713,1.000000
288,62792,0.998772
291,24631,1.000000
291,36434,1.000000
291,60713,1.000000
291,25704,1.000000
291,49269,0.950000
291,50530,0.950000
291,5473,0.933333
291,38010,0.900000
291,60881,0.900000
291,40697,0.875000
293,20251,1.000000
293,53784,1.000000
293,46000,1.000000
293,23082,1.000000
293,25704,1.000000
293,20461,1.000000
293,24631,1.000000
293,10294,1.000000
293,58794,1.000000
293,35874,1.000000
298,63700,1.450000
298,40748,1.450000
298,25777,1.450000
298,6632,1.350000
298,43310,1.300000
298,56591,1.250000
298,55749,1.250000
298,26736,1.250000
298,15535,1.200000
298,20641,1.177694
305,19502,1.400000
305,42508,1.400000
305,60853,1.350000
305,19023,1.350000
305,30632,1.350000
305,50934,1.300000
305,58133,1.300000
305,58072,1.300000
305,21373,1.300000
305,23325,1.300000
307,23395,1.050000
307,62742,1.050000
307,17339,1.050000
307,25704,1.000000
307,65536,1.000000
307,41664,1.000000
307,64529,1.000000
307,21579,1.000000
307,24631,1.000000
307,60713,1.000000
313,55818,1.400000
313,18548,1.350000
313,56853,1.350000
313,6931,1.333333
313,64380,1.300000
313,20848,1.300000
313,49190,1.300000
313,47821,1.300000
313,26405,1.300000
313,45050,1.300000
315,46209,1.500000
315,19879,1.350000
315,22297,1.350000
315,42172,1.300000
315,48229,1.300000
315,26556,1.300000
315,24252,1.300000
315,57580,1.300000
315,7877,1.277397
315,6064,1.250000
317,21579,1.000000
317,53784,1.000000
317,25704,1.000000
317,35874,1.000000
317,20251,1.000000
317,58794,1.000000
317,24631,1.000000
317,20461,1.000000
317,23082,1.000000
317,10294,1.000000
323,63684,1.550000
323,46209,1.400000
323,20643,1.350000
323,19879,1.250000
323,22297,1.250000
323,20644,1.233333
323,26792,1.233333
323,33045,1.200000
323,26556,1.200000
323,42172,1.200000
328,5514,1.350000
328,53646,1.250000
328,62792,1.177874
328,6616,1.122603
328,54776,1.121244
328,13704,1.109177
328,32055,1.109177
328,50585,1.109177
328,24963,1.100000
328,5473,1.100000
330,5875,1.300000
330,56591,1.150000
330,36449,1.066667
330,26405,1.050000
330,46000,1.000000
330,23082,1.000000
330,58794,1.000000
330,10294,1.000000
330,35874,1.000000
330,24631,1.000000
333,26405,1.300000
333,42508,1.250000
333,53927,1.244096
333,40134,1.244096
333,19023,1.200000
333,30632,1.200000
333,60853,1.200000
333,47834,1.150000
333,23789,1.150000
333,21373,1.150000
334,49266,1.200000
334,56916,1.200000
334,40134,1.200000
334,65341,1.200000
334,53927,1.200000
334,18181,1.200000
334,23076,1.150000
334,51694,1.150000
334,41556,1.150000
334,14277,1.100000
340,63684,1.150000
340,53784,1.000000
340,58794,1.000000
340,25704,1.000000
340,20461,1.000000
340,35874,1.000000
340,23082,1.000000
340,24631,1.000000
340,10294,1.000000
340,46000,1.000000
341,55304,1.450000
341,40282,1.300000
341,23154,1.250000
341,14467,1.250000
341,38657,1.250000
341,3801,1.200000
341,42215,1.150000
341,57544,1.150000
341,23790,1.100000
341,4111,1.100000
343,63684,1.650000
343,46209,1.500000
343,20643,1.450000
343,19879,1.350000
343,22297,1.350000
343,20644,1.333333
343,26792,1.333333
343,42174,1.300000
343,24252,1.300000
343,42172,1.300000
345,10290,1.150000
345,21579,1.000000
345,20251,1.000000
345,46000,1.000000
345,53784,1.000000
345,25704,1.000000
345,20461,1.000000
345,24631,1.000000
345,23082,1.000000
345,10294,1.000000
348,66612,1.350000
348,66208,1.133333
348,35110,1.100000
348,57691,1.100000
348,21062,1.050000
348,26792,1.010127
348,25704,1.000000
348,53784,1.000000
348,10294,1.000000
348,24631,1.000000
351,63700,1.350000
351,25777,1.350000
351,40748,1.350000
351,60512,1.300000
351,6632,1.250000
351,43310,1.200000
351,40608,1.200000
351,20641,1.150000
351,26405,1.150000
351,26736,1.150000
361,5875,1.100000
361,53784,1.000000
361,35874,1.000000
361,58794,1.000000
361,23082,1.000000
361,25704,1.000000
361,46000,1.000000
361,24631,1.000000
361,20461,1.000000
361,10294,1.000000
368,51418,1.000000
368,21579,1.000000
368,10294,1.000000
368,53784,1.000000
368,25704,1.000000
368,20461,1.000000
368,24631,1.000000
368,46000,1.000000
368,35874,1.000000
368,23082,1.000000
369,57699,1.150000
369,4111,1.100000
369,36185,1.050000
369,62792,1.050000
369,13116,1.050000
369,25373,1.050000
369,3468,1.050000
369,55818,1.047083
369,46191,1.000000
369,24631,1.000000
371,5514,1.123267
371,35771,1.100000
371,60013,1.007418
371,55627,1.000000
371,51784,1.000000
371,21579,1.000000
371,60713,1.000000
371,24631,1.000000
371,36434,1.000000
371,42508,0.996912
374,45333,1.150000
374,5875,1.098392
374,20644,1.064004
374,24047,1.050000
374,55771,1.050000
374,55003,1.050000
374,4657,1.050000
374,5277,1.044009
374,26405,1.034765
374,20645,1.033754
375,21579,1.000000
375,20251,1.000000
375,53784,1.000000
375,58794,1.000000
375,25704,1.000000
375,10294,1.000000
375,24631,1.000000
375,20461,1.000000
375,46000,1.000000
375,23082,1.000000
385,55672,1.300000
385,10294,1.250000
385,22059,1.200000
385,13704,1.200000
385,32055,1.200000
385,50585,1.200000
385,20461,1.200000
385,47834,1.200000
385,8858,1.200000
385,5802,1.200000
392,7877,1.048629
392,7196,1.000000
392,20251,1.000000
392,3555,1.000000
392,10294,1.000000
392,21579,1.000000
392,25704,1.000000
392,24631,1.000000
392,46000,1.000000
392,23076,1.000000
394,19879,1.317206
394,41615,1.300000
394,10935,1.300000
394,23076,1.276909
394,47849,1.250000
394,20444,1.250000
394,2722,1.250000
394,25095,1.248381
394,4824,1.223160
394,39863,1.200000
397,20251,1.000000
397,53784,1.000000
397,46000,1.000000
397,23082,1.000000
397,25704,1.000000
397,20461,1.000000
397,24631,1.000000
397,10294,1.000000
397,58794,1.000000
397,35874,1.000000
406,39097,1.150000
406,55802,1.100000
406,65812,1.100000
406,32405,1.100000
406,50407,1.100000
406,7006,1.100000
406,16532,1.100000
406,25822,1.100000
406,22068,1.100000
406,54663,1.100000
411,46701,1.200000
411,55672,1.180709
411,10294,1.156195
411,15716,1.156195
411,49863,1.150000
411,65191,1.150000
411,44156,1.150000
411,21087,1.150000
411,35874,1.150000
411,5868,1.150000
414,21579,1.000000
414,20251,1.000000
414,53784,1.000000
414,58794,1.000000
414,23082,1.000000
414,25704,1.000000
414,24631,1.000000
414,20461,1.000000
414,10294,1.000000
414,46000,1.000000
424,16049,1.200000
424,24081,1.200000
424,24079,1.200000
424,46209,1.200000
424,59085,1.133333
424,42739,1.100000
424,63210,1.100000
424,24297,1.100000
424,36562,1.100000
424,11135,1.050000
426,3583,1.250000
426,56915,1.200000
426,33910,1.200000
426,56995,1.200000
426,64256,1.200000
426,54280,1.200000
426,51418,1.200000
426,51694,1.200000
426,25424,1.200000
426,16532,1.200000
429,51418,1.000000
429,21579,1.000000
429,25704,1.000000
429,53784,1.000000
429,20251,1.000000
429,20461,1.000000
429,24631,1.000000
429,10294,1.000000
429,23082,1.000000
429,46000,1.000000
432,51418,1.000000
432,21579,1.000000
432,53784,1.000000
432,23082,1.000000
432,20251,1.000000
432,10294,1.000000
432,24631,1.000000
432,20461,1.000000
432,46000,1.000000
432,25704,1.000000
437,57699,1.250000
437,63700,1.200000
437,5277,1.200000
437,6632,1.200000
437,54336,1.200000
437,65325,1.150000
437,46615,1.150000
437,51696,1.150000
437,46207,1.100000
437,17422,1.100000
441,51418,1.000000
441,21579,1.000000
441,20251,1.000000
441,10294,1.000000
441,25704,1.000000
441,53784,1.000000
441,24631,1.000000
441,20461,1.000000
441,46000,1.000000
441,23082,1.000000
449,7196,1.000000
449,60713,1.000000
449,51418,1.000000
449,20251,1.000000
449,21579,1.000000
449,20461,1.000000
449,24631,1.000000
449,46000,1.000000
449,25704,1.000000
449,10294,1.000000
456,20461,1.350000
456,5296,1.300000
456,40134,1.300000
456,52874,1.300000
456,33910,1.300000
456,42173,1.300000
456,56995,1.300000
456,51418,1.300000
456,41546,1.300000
456,51784,1.300000
460,3801,1.400000
460,9533,1.400000
460,64081,1.366667
460,54834,1.366667
460,57491,1.350000
460,16694,1.350000
460,17247,1.350000
460,51696,1.350000
460,10335,1.333333
460,62537,1.300000
462,20251,1.000000
462,53784,1.000000
462,46000,1.000000
462,23082,1.000000
462,25704,1.000000
462,20461,1.000000
462,24631,1.000000
462,10294,1.000000
462,58794,1.000000
462,35874,1.000000
465,63684,1.450000
465,46209,1.300000
465,20643,1.250000
465,19879,1.150000
465,22297,1.150000
465,20644,1.133333
465,26792,1.133333
465,24252,1.100000
465,42174,1.100000
465,42172,1.100000
469,46995,1.100000
469,9360,1.050000
469,15535,1.050000
469,48229,1.050000
469,20461,1.000000
469,25704,1.000000
469,53784,1.000000
469,23082,1.000000
469,10294,1.000000
469,24631,1.000000
474,60713,1.250000
474,36434,1.250000
474,63200,1.200000
474,60013,1.100000
474,55142,1.050000
474,41615,1.050000
474,52661,1.050000
474,50585,1.049515
474,32055,1.049515
474,13704,1.049515
486,15716,1.550000
486,42113,1.300000
486,47834,1.281760
486,20461,1.281760
486,16049,1.256275
486,50585,1.252917
486,32055,1.252917
486,13704,1.252917
486,24963,1.250000
486,20848,1.250000
508,63200,1.300000
508,11598,1.300000
508,31577,1.250000
508,46895,1.166667
508,22059,1.151532
508,16049,1.150000
508,60387,1.150000
508,18526,1.150000
508,55608,1.133333
508,33257,1.129104
514,5514,1.350000
514,10294,1.214270
514,23831,1.194166
514,13704,1.118324
514,32055,1.118324
514,50585,1.118324
514,35646,1.117138
514,55672,1.116575
514,20461,1.112808
514,35771,1.100000
526,60013,1.287610
526,55142,1.261667
526,5514,1.250000
526,3583,1.200000
526,52651,1.200000
526,30976,1.200000
526,25698,1.060544
526,48509,1.050000
526,40005,1.050000
526,35646,1.038279
530,33910,1.000000
530,36434,1.000000
530,65536,1.000000
530,21579,1.000000
530,60713,1.000000
530,51418,1.000000
530,24631,1.000000
530,10294,1.000000
530,25704,1.000000
530,20461,1.000000
538,60013,1.400000
538,55142,1.350000
538,52651,1.300000
538,14070,1.250000
538,3583,1.200000
538,6310,1.200000
538,30976,1.170306
538,36434,1.150000
538,10828,1.150000
538,60713,1.150000
540,10290,1.260121
540,60013,1.200000
540,26881,1.150000
540,55142,1.150000
540,5875,1.133333
540,23789,1.100000
540,52651,1.100000
540,35494,1.100000
540,10294,1.100000
540,9180,1.088446
544,15340,1.300000
544,45309,1.250000
544,42172,1.100000
544,26556,1.100000
544,38657,1.100000
544,42174,1.100000
544,57580,1.100000
544,16476,1.066667
544,43368,1.050000
544,35807,1.050000
547,21579,1.000000
547,20251,1.000000
547,53784,1.000000
547,58794,1.000000
547,25704,1.000000
547,10294,1.000000
547,24631,1.000000
547,20461,1.000000
547,46000,1.000000
547,23082,1.000000
550,16049,1.350000
550,33709,1.300000
550,5296,1.250000
550,6500,1.250000
550,54663,1.250000
550,42173,1.250000
550,46825,1.250000
550,33910,1.250000
550,51418,1.250000
550,50407,1.233333
556,21579,1.000000
556,20251,1.000000
556,53784,1.000000
556,35874,1.000000
556,25704,1.000000
556,46000,1.000000
556,10294,1.000000
556,20461,1.000000
556,23082,1.000000
556,58794,1.000000
568,63684,1.550000
568,46885,1.450000
568,46209,1.400000
568,7877,1.358218
568,20643,1.350000
568,42203,1.266667
568,42174,1.255046
568,22297,1.250000
568,19879,1.250000
568,45333,1.235106
571,46825,1.300000
571,19878,1.300000
571,63210,1.300000
571,18181,1.250000
571,7006,1.233333
571,10377,1.233333
571,2898,1.200000
571,42172,1.200000
571,211,1.200000
571,10935,1.200000
583,65536,1.000000
583,56724,1.000000
583,60713,1.000000
583,21579,1.000000
583,7196,1.000000
583,25704,1.000000
583,24631,1.000000
583,10294,1.000000
583,20251,1.000000
583,51418,1.000000
586,63684,1.350000
586,46209,1.200000
586,20643,1.150000
586,19879,1.050000
586,22297,1.050000
586,26792,1.033333
586,20644,1.033333
586,35874,1.000000
586,23082,1.000000
586,24631,1.000000
588,20251,1.000000
588,53784,1.000000
588,46000,1.000000
588,23082,1.000000
588,25704,1.000000
588,20461,1.000000
588,24631,1.000000
588,10294,1.000000
588,58794,1.000000
588,35874,1.000000
602,5514,1.200000
602,21456,1.100000
602,26405,1.064428
602,211,1.050000
602,63210,1.024804
602,25704,1.000000
602,60713,1.000000
602,50585,1.000000
602,65536,1.000000
602,24631,1.000000
608,56915,1.050000
608,27193,1.050000
608,19879,1.050000
608,39545,1.025000
608,20461,1.000000
608,51418,1.000000
608,10294,1.000000
608,21579,1.000000
608,46000,1.000000
608,24631,1.000000
611,36619,1.033333
611,21579,1.000000
611,23082,1.000000
611,20251,1.000000
611,20461,1.000000
611,25704,1.000000
611,53784,1.000000
611,24631,1.000000
611,10294,1.000000
611,46000,1.000000
620,20251,1.000000
620,53784,1.000000
620,46000,1.000000
620,23082,1.000000
620,25704,1.000000
620,20461,1.000000
620,24631,1.000000
620,10294,1.000000
620,58794,1.000000
620,35874,1.000000
621,51418,1.000000
621,21579,1.000000
621,53784,1.000000
621,23082,1.000000
621,20251,1.000000
621,10294,1.000000
621,24631,1.000000
621,20461,1.000000
621,46000,1.000000
621,25704,1.000000
626,2096,1.250000
626,21087,1.100000
626,53756,1.100000
626,36133,1.100000
626,35874,1.100000
626,46209,1.100000
626,18019,1.100000
626,31023,1.100000
626,58794,1.100000
626,2681,1.100000
632,5514,1.050000
632,5802,1.027319
632,10294,1.001502
632,36434,1.000000
632,24631,1.000000
632,60713,1.000000
632,40608,1.000000
632,51784,1.000000
632,25704,1.000000
632,21579,1.000000
633,19417,1.500000
633,6814,1.500000
633,60013,1.472747
633,31024,1.450000
633,62718,1.450000
633,3038,1.433333
633,55142,1.428543
633,34684,1.400000
633,52651,1.375751
633,23411,1.350000
638,20251,1.000000
638,53784,1.000000
638,46000,1.000000
638,23082,1.000000
638,25704,1.000000
638,20461,1.000000
638,24631,1.000000
638,10294,1.000000
638,58794,1.000000
638,35874,1.000000
644,20251,1.000000
644,53784,1.000000
644,10294,1.000000
644,23082,1.000000
644,25704,1.000000
644,20461,1.000000
644,24631,1.000000
644,46000,1.000000
644,58794,1.000000
644,35874,1.000000
645,46209,1.300000
645,20643,1.250000
645,63684,1.154293
645,19879,1.150000
645,26792,1.133333
645,7877,1.100000
645,42172,1.100000
645,26556,1.100000
645,57580,1.100000
645,24252,1.100000
648,23831,1.450000
648,62792,1.400000
648,42508,1.350000
648,5802,1.300000
648,60853,1.300000
648,6500,1.300000
648,30632,1.300000
648,19023,1.300000
648,13704,1.284201
648,32055,1.284201
649,5802,1.450000
649,14889,1.300000
649,3801,1.252505
649,60268,1.250000
649,48509,1.250000
649,36434,1.250000
649,55672,1.250000
649,60713,1.250000
649,57491,1.215277
649,52351,1.213130
651,51418,1.000000
651,21579,1.000000
651,10294,1.000000
651,53784,1.000000
651,20251,1.000000
651,20461,1.000000
651,24631,1.000000
651,46000,1.000000
651,23082,1.000000
651,25704,1.000000
652,19417,1.500000
652,16049,1.400000
652,26405,1.377126
652,19502,1.350000
652,5514,1.323267
652,13704,1.300000
652,30976,1.300000
652,32055,1.300000
652,50585,1.300000
652,60013,1.288333
655,3555,1.000000
655,7196,1.000000
655,60713,1.000000
655,25704,1.000000
655,21579,1.000000
655,20251,1.000000
655,24631,1.000000
655,35874,1.000000
655,46000,1.000000
655,10294,1.000000
662,49574,1.100000
662,55672,1.050000
662,32961,1.008800
662,46000,1.000000
662,10294,1.000000
662,21579,1.000000
662,25704,1.000000
662,35874,1.000000
662,24631,1.000000
662,20461,1.000000
664,27672,1.000000
664,65536,1.000000
664,51418,1.000000
664,60713,1.000000
664,3555,1.000000
664,21579,1.000000
664,24631,1.000000
664,10294,1.000000
664,25704,1.000000
664,46000,1.000000
666,12788,1.500000
666,50407,1.500000
666,44683,1.450000
666,46825,1.450000
666,42173,1.450000
666,15716,1.450000
666,52874,1.450000
666,51418,1.450000
666,33910,1.450000
666,31024,1.450000
673,57699,1.150000
673,54336,1.100000
673,25704,1.000000
673,23082,1.000000
673,20251,1.000000
673,10294,1.000000
673,53784,1.000000
673,35874,1.000000
673,24631,1.000000
673,20461,1.000000
674,42739,1.250000
674,44156,1.250000
674,31577,1.250000
674,46173,1.250000
674,61833,1.247388
674,41939,1.223091
674,10294,1.203097
674,15716,1.203097
674,36562,1.200000
674,5504,1.200000
676,32961,1.300000
676,49574,1.200000
676,41876,1.150000
676,23465,1.150000
676,4111,1.150000
676,20449,1.150000
676,5592,1.150000
676,3468,1.100000
676,24036,1.100000
676,13116,1.100000
680,22068,1.300000
680,14277,1.250000
680,9360,1.150000
680,41876,1.150000
680,50407,1.100000
680,33717,1.100000
680,51696,1.050000
680,23465,1.050000
680,22079,1.050000
680,4111,1.050000
681,23821,1.050000
681,65536,1.000000
681,21579,1.000000
681,51784,1.000000
681,10294,1.000000
681,60713,1.000000
681,36434,1.000000
681,24631,1.000000
681,25704,1.000000
681,35646,1.000000
685,19502,1.100000
685,55672,1.043805
685,36434,1.000000
685,25704,1.000000
685,52351,1.000000
685,10294,1.000000
685,51784,1.000000
685,60713,1.000000
685,24631,1.000000
685,21579,1.000000
692,20251,1.000000
692,53784,1.000000
692,25704,1.000000
692,58794,1.000000
692,35874,1.000000
692,23082,1.000000
692,24631,1.000000
692,20461,1.000000
692,10294,1.000000
692,46000,1.000000
694,9180,1.250000
694,32439,1.250000
694,35707,1.250000
694,26324,1.200000
694,25423,1.200000
694,3685,1.200000
694,2350,1.200000
694,10290,1.150000
694,63700,1.150000
694,9229,1.150000
703,54336,1.100000
703,11322,1.100000
703,23082,1.000000
703,10294,1.000000
703,46000,1.000000
703,58794,1.000000
703,25704,1.000000
703,20461,1.000000
703,24631,1.000000
703,35874,1.000000
708,29977,1.300000
708,16049,1.300000
708,22059,1.250000
708,9586,1.200000
708,13733,1.200000
708,6814,1.200000
708,65536,1.200000
708,62718,1.200000
708,54776,1.200000
708,36924,1.200000
709,36035,1.100000
709,36562,1.065917
709,60713,1.000000
709,20251,1.000000
709,56724,1.000000
709,10294,1.000000
709,20461,1.000000
709,7196,1.000000
709,24631,1.000000
709,25704,1.000000
711,3801,1.133333
711,26556,1.100000
711,42172,1.100000
711,57580,1.100000
711,192,1.100000
711,16531,1.100000
711,33045,1.100000
711,21317,1.100000
711,42174,1.100000
711,9229,1.100000
713,46885,1.350000
713,63684,1.250000
713,5868,1.181760
713,22197,1.152917
713,11161,1.150000
713,7877,1.148629
713,45333,1.141600
713,42203,1.115881
713,42174,1.109496
713,46209,1.100000
715,20251,1.000000
715,53784,1.000000
715,46000,1.000000
715,23082,1.000000
715,25704,1.000000
715,20461,1.000000
715,24631,1.000000
715,10294,1.000000
715,58794,1.000000
715,35874,1.000000
718,54663,1.050000
718,65536,1.000000
718,3555,1.000000
718,27672,1.000000
718,20461,1.000000
718,21579,1.000000
718,25704,1.000000
718,24631,1.000000
718,51418,1.000000
718,46000,1.000000
719,59471,1.300000
719,42215,1.100000
719,9229,1.100000
719,26324,1.100000
719,2350,1.100000
719,64804,1.100000
719,51539,1.100000
719,5801,1.100000
719,23154,1.100000
719,25423,1.100000
720,55304,1.150000
720,21579,1.000000
720,53784,1.000000
720,10294,1.000000
720,46000,1.000000
720,20251,1.000000
720,20461,1.000000
720,24631,1.000000
720,23082,1.000000
720,25704,1.000000
721,10294,1.096902
721,9835,1.080975
721,45178,1.080975
721,17022,1.080975
721,44156,1.078755
721,57691,1.050000
721,1321,1.034008
721,55672,1.013013
721,211,1.008268
721,52854,1.005970
726,63684,1.550000
726,46209,1.400000
726,20643,1.350000
726,19879,1.250000
726,22297,1.250000
726,20644,1.233333
726,26792,1.233333
726,33045,1.200000
726,26556,1.200000
726,42172,1.200000
728,66612,1.150000
728,7877,1.150000
728,32983,1.100000
728,62537,1.100000
728,54834,1.090805
728,64081,1.060131
728,45333,1.057836
728,31003,1.050000
728,53762,1.050000
728,46885,1.050000
729,20251,1.000000
729,53784,1.000000
729,25704,1.000000
729,23082,1.000000
729,35874,1.000000
729,20461,1.000000
729,24631,1.000000
729,58794,1.000000
729,46000,1.000000
729,10294,1.000000
734,20251,1.000000
734,53784,1.000000
734,25704,1.000000
734,23082,1.000000
734,35874,1.000000
734,46000,1.000000
734,24631,1.000000
734,20461,1.000000
734,58794,1.000000
734,10294,1.000000
736,63684,1.350000
736,46209,1.200000
736,20643,1.150000
736,19879,1.050000
736,26792,1.033333
736,22297,1.025709
736,33045,1.000000
736,35874,1.000000
736,23082,1.000000
736,24631,1.000000
743,63684,1.650000
743,46209,1.500000
743,20643,1.450000
743,19879,1.350000
743,22297,1.350000
743,20644,1.333333
743,26792,1.333333
743,42174,1.300000
743,24252,1.300000
743,42172,1.300000
749,40134,1.100000
749,18181,1.100000
749,53927,1.100000
749,20461,1.000000
749,46000,1.000000
749,20251,1.000000
749,25704,1.000000
749,21579,1.000000
749,24631,1.000000
749,10294,1.000000
752,46209,1.400000
752,20643,1.350000
752,22297,1.250000
752,19879,1.250000
752,26792,1.233333
752,32961,1.200000
752,24252,1.200000
752,48229,1.200000
752,14070,1.150000
752,6064,1.150000
754,9360,1.050000
754,65536,1.000000
754,20251,1.000000
754,56724,1.000000
754,20461,1.000000
754,51418,1.000000
754,7196,1.000000
754,24631,1.000000
754,10294,1.000000
754,25704,1.000000
756,50530,1.150000
756,38010,1.000000
756,46661,1.000000
756,36434,1.000000
756,24631,1.000000
756,60713,1.000000
756,25704,1.000000
756,10294,0.950000
756,49269,0.950000
756,5473,0.933333
759,46209,1.400000
759,20643,1.350000
759,22297,1.250000
759,19879,1.250000
759,26792,1.233333
759,48229,1.200000
759,24252,1.200000
759,63684,1.174780
759,42203,1.166667
759,14070,1.150000
761,46995,1.300000
761,9360,1.250000
761,15535,1.250000
761,48229,1.250000
761,46615,1.200000
761,24147,1.200000
761,64315,1.150000
761,14057,1.150000
761,46885,1.150000
761,29309,1.150000
762,3801,1.450000
762,29977,1.400000
762,57491,1.400000
762,48509,1.350000
762,60268,1.350000
762,55970,1.333333
762,31003,1.300000
762,62537,1.300000
762,45686,1.233333
762,45333,1.231080
763,64616,1.050000
763,53927,1.000000
763,25704,1.000000
763,20251,1.000000
763,20461,1.000000
763,18181,1.000000
763,21579,1.000000
763,24631,1.000000
763,46000,1.000000
763,10294,1.000000
764,46209,1.500000
764,20643,1.450000
764,63684,1.415487
764,19879,1.350000
764,26792,1.333333
764,48229,1.300000
764,26556,1.300000
764,24252,1.300000
764,42172,1.300000
764,57580,1.300000
765,3801,1.100000
765,9533,1.100000
765,54834,1.066667
765,57491,1.050000
765,17247,1.050000
765,53784,1.000000
765,20461,1.000000
765,25704,1.000000
765,46000,1.000000
765,24631,1.000000
766,5514,1.150000
766,10294,1.143833
766,24004,1.100000
766,20461,1.080990
766,32055,1.074568
766,13704,1.074568
766,50585,1.074568
766,47834,1.067179
766,42173,1.064935
766,51418,1.064935
767,60546,1.163733
767,41609,1.150000
767,23395,1.150000
767,62792,1.131574
767,17339,1.125709
767,50585,1.115588
767,13704,1.115588
767,32055,1.115588
767,10294,1.112534
767,42508,1.111926
768,42172,1.100000
768,24252,1.100000
768,49220,1.050000
768,14070,1.050000
768,21376,1.050000
768,48126,1.039624
768,26792,1.032740
768,21579,1.000000
768,43675,1.000000
768,24631,1.000000
769,51418,1.000000
769,21579,1.000000
769,53784,1.000000
769,20251,1.000000
769,25704,1.000000
769,10294,1.000000
769,24631,1.000000
769,20461,1.000000
769,23082,1.000000
769,46000,1.000000
772,66208,1.200000
772,6632,1.075000
772,16969,1.033333
772,20461,1.000000
772,15340,1.000000
772,35874,1.000000
772,45997,1.000000
772,10294,1.000000
772,24631,1.000000
772,25540,1.000000
773,63684,1.550000
773,46209,1.400000
773,20643,1.350000
773,19879,1.250000
773,22297,1.250000
773,20644,1.233333
773,26792,1.233333
773,33045,1.200000
773,26556,1.200000
773,42172,1.200000
777,6814,1.500000
777,19417,1.500000
777,60013,1.472747
777,62718,1.450000
777,31024,1.450000
777,3038,1.433333
777,55142,1.428543
777,16049,1.400000
777,34684,1.400000
777,52651,1.375751
782,63684,1.550000
782,46209,1.400000
782,20643,1.350000
782,19879,1.250000
782,22297,1.250000
782,20644,1.233333
782,26792,1.233333
782,33045,1.200000
782,26556,1.200000
782,42172,1.200000
783,10290,1.600000
783,9180,1.600000
783,54834,1.566667
783,50533,1.566667
783,64081,1.566667
783,10335,1.533333
783,58257,1.500000
783,33072,1.500000
783,59471,1.466667
783,47207,1.466667
784,51784,1.000000
784,24631,1.000000
784,21579,1.000000
784,25704,1.000000
784,49269,0.950000
784,63200,0.900000
784,27476,0.900000
784,37374,0.900000
784,34307,0.900000
784,3192,0.900000
785,51418,1.000000
785,21579,1.000000
785,20251,1.000000
785,23082,1.000000
785,25704,1.000000
785,53784,1.000000
785,24631,1.000000
785,20461,1.000000
785,10294,1.000000
785,46000,1.000000
786,60013,1.500000
786,19417,1.500000
786,55142,1.450000
786,52651,1.400000
786,62792,1.321647
786,16049,1.300603
786,49419,1.300000
786,37135,1.300000
786,5296,1.300000
786,17022,1.276368
792,13704,1.000000
792,51784,1.000000
792,36434,1.000000
792,60713,1.000000
792,50585,1.000000
792,65536,1.000000
792,24631,1.000000
792,10294,1.000000
792,21579,1.000000
792,25704,1.000000
793,55672,1.450000
793,42379,1.350000
793,8858,1.350000
793,21747,1.350000
793,28280,1.300000
793,8598,1.300000
793,10872,1.300000
793,24066,1.300000
793,33910,1.300000
793,51418,1.300000
794,16049,1.200000
794,20643,1.150000
794,46209,1.082414
794,18100,1.066667
794,19879,1.050000
794,50186,1.050000
794,42174,1.035334
794,6074,1.032023
794,42172,1.027012
794,57580,1.027012
795,5514,1.332314
795,60013,1.288333
795,55142,1.269831
795,52651,1.204046
795,20461,1.201762
795,62792,1.187263
795,47834,1.174429
795,12953,1.168224
795,3583,1.157287
795,50585,1.153532
797,63684,1.450000
797,46209,1.300000
797,20643,1.250000
797,19879,1.150000
797,22297,1.150000
797,20644,1.133333
797,26792,1.133333
797,24252,1.100000
797,42174,1.100000
797,42172,1.100000
805,63684,1.550000
805,46209,1.400000
805,20643,1.350000
805,19879,1.250000
805,22297,1.250000
805,20644,1.233333
805,26792,1.233333
805,33045,1.200000
805,26556,1.200000
805,42172,1.200000
809,51418,1.000000
809,21579,1.000000
809,53784,1.000000
809,23082,1.000000
809,20251,1.000000
809,10294,1.000000
809,24631,1.000000
809,20461,1.000000
809,46000,1.000000
809,25704,1.000000
811,63684,1.150000
811,53784,1.000000
811,58794,1.000000
811,25704,1.000000
811,20461,1.000000
811,35874,1.000000
811,23082,1.000000
811,24631,1.000000
811,10294,1.000000
811,46000,1.000000
815,63684,1.250000
815,20643,1.050000
815,53646,1.050000
815,35874,1.000000
815,46000,1.000000
815,53784,1.000000
815,20461,1.000000
815,23082,1.000000
815,10294,1.000000
815,24631,1.000000
818,63684,1.250000
818,11161,1.150000
818,46209,1.100000
818,20643,1.050000
818,10294,1.000000
818,40608,1.000000
818,53784,1.000000
818,46000,1.000000
818,25704,1.000000
818,24631,1.000000
829,55771,1.450000
829,26881,1.400000
829,21456,1.400000
829,10576,1.366667
829,15931,1.358793
829,62998,1.353302
829,5875,1.350000
829,10566,1.350000
829,64453,1.350000
829,7877,1.346001
840,63684,1.150000
840,53784,1.000000
840,58794,1.000000
840,25704,1.000000
840,20461,1.000000
840,35874,1.000000
840,23082,1.000000
840,24631,1.000000
840,10294,1.000000
840,46000,1.000000
841,46209,1.135058
841,20643,1.131796
841,63684,1.121349
841,8567,1.100000
841,45147,1.100000
841,38458,1.100000
841,55828,1.077126
841,15716,1.066667
841,55936,1.066667
841,35874,1.066667
843,45333,1.250000
843,20644,1.240000
843,5277,1.233333
843,36619,1.233333
843,42174,1.200000
843,52351,1.200000
843,29607,1.200000
843,17015,1.200000
843,23791,1.200000
843,46995,1.200000
848,20251,1.000000
848,53784,1.000000
848,46000,1.000000
848,23082,1.000000
848,25704,1.000000
848,20461,1.000000
848,24631,1.000000
848,10294,1.000000
848,58794,1.000000
848,35874,1.000000
856,63684,1.209292
856,46209,1.200000
856,20643,1.150000
856,36619,1.133333
856,52351,1.100000
856,47881,1.100000
856,20644,1.084801
856,7877,1.055555
856,19879,1.050000
856,42174,1.040319
866,24004,1.244488
866,55627,1.159718
866,40292,1.150000
866,51784,1.100000
866,57844,1.100000
866,52661,1.100000
866,31680,1.100000
866,23831,1.069832
866,5596,1.056195
866,29309,1.050000
867,7877,1.450000
867,66612,1.450000
867,53762,1.350000
867,4824,1.350000
867,46885,1.350000
867,45333,1.300000
867,45814,1.300000
867,64081,1.275000
867,54612,1.266667
867,42203,1.266667
888,20251,1.000000
888,53784,1.000000
888,46000,1.000000
888,23082,1.000000
888,25704,1.000000
888,20461,1.000000
888,24631,1.000000
888,10294,1.000000
888,58794,1.000000
888,35874,1.000000
892,16049,1.100000
892,9214,1.100000
892,19203,1.050000
892,10294,1.000000
892,35874,1.000000
892,60713,1.000000
892,21579,1.000000
892,25704,1.000000
892,24631,1.000000
892,20251,1.000000
897,5514,1.400000
897,42508,1.350000
897,60853,1.300000
897,19023,1.300000
897,30632,1.300000
897,24032,1.250000
897,24079,1.250000
897,36046,1.250000
897,21373,1.250000
897,24081,1.250000
899,19417,1.500000
899,16049,1.378618
899,26405,1.350000
899,13628,1.300000
899,3583,1.300000
899,6310,1.300000
899,49419,1.300000
899,60013,1.288333
899,12788,1.264054
899,55142,1.262390
901,63684,1.650000
901,46209,1.500000
901,20643,1.450000
901,19879,1.350000
901,22297,1.350000
901,20644,1.333333
901,26792,1.333333
901,42174,1.300000
901,24252,1.300000
901,42172,1.300000
904,51418,1.000000
904,21579,1.000000
904,53784,1.000000
904,23082,1.000000
904,20251,1.000000
904,10294,1.000000
904,24631,1.000000
904,20461,1.000000
904,46000,1.000000
904,25704,1.000000
915,13704,1.242651
915,50585,1.242651
915,32055,1.242651
915,20461,1.217669
915,55627,1.200000
915,5514,1.200000
915,52661,1.200000
915,32688,1.192726
915,23325,1.177126
915,10294,1.175000
916,5514,1.276733
916,31680,1.100000
916,40697,1.000000
916,46661,1.000000
916,35395,1.000000
916,36434,1.000000
916,25704,1.000000
916,60713,1.000000
916,51784,1.000000
916,21579,1.000000
919,60013,1.450000
919,5514,1.400000
919,55142,1.400000
919,42508,1.400000
919,60853,1.350000
919,19023,1.350000
919,52651,1.350000
919,30632,1.350000
919,23325,1.300000
919,10828,1.300000
920,46209,1.400000
920,20643,1.350000
920,63684,1.315487
920,19879,1.250000
920,26792,1.233333
920,26556,1.200000
920,40793,1.200000
920,42172,1.200000
920,57580,1.200000
920,24252,1.200000
921,5296,1.200000
921,42173,1.200000
921,33910,1.200000
921,52874,1.200000
921,51418,1.200000
921,62409,1.150000
921,42171,1.110919
921,44411,1.110919
921,5868,1.110919
921,21087,1.110919
926,19417,1.500000
926,60013,1.500000
926,6814,1.500000
926,55142,1.450000
926,19878,1.427012
926,52651,1.400000
926,211,1.400000
926,26405,1.350000
926,25698,1.350000
926,46431,1.350000
929,7877,1.400000
929,45333,1.350000
929,10746,1.300000
929,64077,1.300000
929,36803,1.300000
929,60864,1.300000
929,51434,1.300000
929,46885,1.300000
929,2776,1.300000
929,4824,1.300000
932,59471,1.200000
932,9533,1.200000
932,55970,1.150000
932,61720,1.100000
932,10294,1.000000
932,58794,1.000000
932,46000,1.000000
932,35874,1.000000
932,20461,1.000000
932,24631,1.000000
940,51418,1.000000
940,21579,1.000000
940,53784,1.000000
940,23082,1.000000
940,20251,1.000000
940,10294,1.000000
940,24631,1.000000
940,20461,1.000000
940,46000,1.000000
940,25704,1.000000
941,42508,1.150000
941,5802,1.146698
941,55672,1.109293
941,50407,1.100614
941,29309,1.100000
941,60853,1.100000
941,30632,1.100000
941,19023,1.100000
941,20461,1.100000
941,19502,1.077397
945,10290,1.650000
945,32454,1.500000
945,42173,1.300000
945,56995,1.300000
945,62718,1.300000
945,51418,1.300000
945,52874,1.300000
945,51694,1.300000
945,33910,1.300000
945,46825,1.300000
947,46209,1.300000
947,55818,1.300000
947,19879,1.255512
947,20643,1.250000
947,48291,1.200000
947,62718,1.200000
947,4111,1.200000
947,27673,1.200000
947,20848,1.200000
947,52661,1.200000
949,6814,1.200000
949,60013,1.200000
949,19417,1.200000
949,62718,1.150000
949,55142,1.150000
949,31024,1.150000
949,3038,1.133333
949,16049,1.100000
949,34684,1.100000
949,52651,1.100000
950,12953,1.200000
950,32055,1.100000
950,35771,1.100000
950,62792,1.100000
950,13704,1.100000
950,50585,1.100000
950,42508,1.100000
950,51418,1.071726
950,42173,1.071726
950,33910,1.071726
952,36035,1.400000
952,24297,1.335106
952,36562,1.309861
952,2533,1.309861
952,10566,1.275074
952,496,1.260561
952,55995,1.259090
952,9262,1.259090
952,54718,1.259090
952,46857,1.259090
955,46209,1.400000
955,20643,1.350000
955,22297,1.250000
955,19879,1.250000
955,42172,1.200000
955,26556,1.200000
955,57580,1.200000
955,42174,1.200000
955,48229,1.200000
955,24252,1.200000
957,51418,1.000000
957,21579,1.000000
957,53784,1.000000
957,23082,1.000000
957,20251,1.000000
957,10294,1.000000
957,24631,1.000000
957,20461,1.000000
957,46000,1.000000
957,25704,1.000000
963,60268,1.350000
963,48509,1.350000
963,36035,1.294776
963,16049,1.252917
963,3801,1.252344
963,12034,1.250000
963,10294,1.250000
963,55672,1.227253
963,19879,1.218732
963,29977,1.202434
964,63684,1.650000
964,46209,1.500000
964,20643,1.450000
964,19879,1.350000
964,22297,1.350000
964,20644,1.333333
964,26792,1.333333
964,42174,1.300000
964,24252,1.300000
964,42172,1.300000
965,20251,1.000000
965,53784,1.000000
965,46000,1.000000
965,23082,1.000000
965,25704,1.000000
965,20461,1.000000
965,24631,1.000000
965,10294,1.000000
965,58794,1.000000
965,35874,1.000000
969,60713,1.000000
969,51418,1.000000
969,20251,1.000000
969,53784,1.000000
969,21579,1.000000
969,25704,1.000000
969,24631,1.000000
969,20461,1.000000
969,10294,1.000000
969,23082,1.000000
970,38520,1.300000
970,13824,1.300000
970,42172,1.300000
970,24252,1.300000
970,27703,1.300000
970,18181,1.300000
970,55771,1.280594
970,19879,1.277827
970,42203,1.266667
970,42174,1.266035
975,63684,1.650000
975,46209,1.500000
975,20643,1.450000
975,19879,1.350000
975,22297,1.350000
975,20644,1.333333
975,26792,1.333333
975,42174,1.300000
975,24252,1.300000
975,42172,1.300000
978,63684,1.450000
978,46209,1.300000
978,20643,1.250000
978,19879,1.150000
978,22297,1.150000
978,20644,1.133333
978,26792,1.133333
978,24252,1.100000
978,42174,1.100000
978,42172,1.100000
985,47834,1.300000
985,20461,1.300000
985,27432,1.250000
985,10591,1.250000
985,57915,1.250000
985,41546,1.250000
985,9233,1.250000
985,24931,1.200000
985,60085,1.200000
985,60855,1.200000
988,3038,1.350000
988,55672,1.350000
988,3317,1.300000
988,21747,1.250000
988,50585,1.250000
988,23789,1.250000
988,8858,1.250000
988,32055,1.250000
988,42379,1.250000
988,13704,1.250000
990,20251,1.000000
990,53784,1.000000
990,46000,1.000000
990,23082,1.000000
990,25704,1.000000
990,20461,1.000000
990,24631,1.000000
990,10294,1.000000
990,58794,1.000000
990,35874,1.000000
997,20251,1.000000
997,53784,1.000000
997,46000,1.000000
997,23082,1.000000
997,25704,1.000000
997,20461,1.000000
997,24631,1.000000
997,10294,1.000000
997,58794,1.000000
997,35874,1.000000
998,7196,1.000000
998,60713,1.000000
998,51418,1.000000
998,25704,1.000000
998,21579,1.000000
998,20251,1.000000
998,24631,1.000000
998,46000,1.000000
998,20461,1.000000
998,10294,1.000000
1000,54336,1.500000
1000,60013,1.450000
1000,55142,1.400000
1000,5514,1.374422
1000,52651,1.350000
1000,5802,1.250000
1000,31577,1.250000
1000,62792,1.250000
1000,21456,1.250000
1000,3894,1.250000
1003,21376,1.150000
1003,41615,1.100000
1003,23465,1.100000
1003,36035,1.050000
1003,47849,1.050000
1003,53784,1.000000
1003,25704,1.000000
1003,21579,1.000000
1003,20251,1.000000
1003,24631,1.000000
1006,19417,1.500000
1006,33910,1.400000
1006,32055,1.400000
1006,16049,1.400000
1006,40134,1.400000
1006,42173,1.400000
1006,50585,1.400000
1006,51418,1.400000
1006,13704,1.400000
1006,6814,1.393396
1008,20251,1.000000
1008,53784,1.000000
1008,46000,1.000000
1008,23082,1.000000
1008,25704,1.000000
1008,20461,1.000000
1008,24631,1.000000
1008,10294,1.000000
1008,58794,1.000000
1008,35874,1.000000
1016,6474,1.200000
1016,56915,1.150000
1016,21576,1.100000
1016,39993,1.100000
1016,40943,1.100000
1016,41680,1.100000
1016,48770,1.100000
1016,64579,1.100000
1016,25423,1.066667
1016,55749,1.066667
1020,55672,1.100000
1020,19417,1.050000
1020,12788,1.033333
1020,50407,1.033333
1020,20461,1.000000
1020,25704,1.000000
1020,51418,1.000000
1020,46000,1.000000
1020,21579,1.000000
1020,24631,1.000000
1035,60013,1.450000
1035,53968,1.400000
1035,55142,1.400000
1035,5514,1.400000
1035,55307,1.400000
1035,9533,1.350000
1035,52651,1.350000
1035,47834,1.350000
1035,26881,1.350000
1035,23076,1.300000
1042,19879,1.450000
1042,55818,1.400000
1042,42508,1.400000
1042,30632,1.350000
1042,60853,1.350000
1042,19023,1.350000
1042,55025,1.350000
1042,58033,1.340094
1042,21373,1.300000
1042,23325,1.300000
1044,10294,1.183333
1044,23831,1.172543
1044,5514,1.150000
1044,62792,1.124118
1044,42508,1.111775
1044,22025,1.100000
1044,53646,1.074891
1044,32055,1.074701
1044,50585,1.074701
1044,13704,1.074701
1045,7196,1.000000
1045,60713,1.000000
1045,20251,1.000000
1045,21579,1.000000
1045,51418,1.000000
1045,25704,1.000000
1045,24631,1.000000
1045,20461,1.000000
1045,46000,1.000000
1045,10294,1.000000
1047,3555,1.000000
1047,51418,1.000000
1047,7196,1.000000
1047,20251,1.000000
1047,21579,1.000000
1047,46000,1.000000
1047,24631,1.000000
1047,20461,1.000000
1047,25704,1.000000
1047,10294,1.000000
1049,51784,1.200000
1049,32055,1.069354
1049,50585,1.069354
1049,13704,1.069354
1049,20461,1.027259
1049,32688,1.016468
1049,47834,1.007863
1049,9233,1.005071
1049,42739,1.000159
1049,60713,1.000000
1052,62792,1.250000
1052,5514,1.172112
1052,60013,1.158889
1052,26405,1.150000
1052,55142,1.129887
1052,30976,1.100000
1052,41615,1.100000
1052,21456,1.071457
1052,52651,1.069364
1052,55672,1.061667
1053,22059,1.300000
1053,33257,1.250000
1053,15716,1.200000
1053,21062,1.200000
1053,60264,1.163875
1053,41372,1.150000
1053,61115,1.150000
1053,61061,1.131476
1053,42739,1.114383
1053,24297,1.110513
1055,21579,1.000000
1055,53784,1.000000
1055,25704,1.000000
1055,35874,1.000000
1055,20251,1.000000
1055,10294,1.000000
1055,24631,1.000000
1055,23082,1.000000
1055,46000,1.000000
1055,58794,1.000000
1058,53109,1.050000
1058,49945,1.050000
1058,7004,1.050000
1058,35494,1.050000
1058,43585,1.050000
1058,19618,1.050000
1058,8823,1.050000
1058,25704,1.000000
1058,23082,1.000000
1058,24631,1.000000
1059,63684,1.150000
1059,53784,1.000000
1059,58794,1.000000
1059,25704,1.000000
1059,20461,1.000000
1059,35874,1.000000
1059,23082,1.000000
1059,24631,1.000000
1059,10294,1.000000
1059,46000,1.000000
1060,24297,1.250000
1060,42739,1.250000
1060,5504,1.200000
1060,50407,1.150000
1060,65795,1.150000
1060,9233,1.150000
1060,26792,1.133333
1060,26040,1.100000
1060,24252,1.100000
1060,1321,1.100000
1061,5514,1.250000
1061,5802,1.243898
1061,62792,1.198161
1061,55672,1.197963
1061,10294,1.184769
1061,50585,1.175722
1061,13704,1.175722
1061,32055,1.175722
1061,42113,1.150000
1061,45572,1.150000
1063,63684,1.250000
1063,46209,1.100000
1063,20643,1.050000
1063,20461,1.000000
1063,10294,1.000000
1063,25704,1.000000
1063,35874,1.000000
1063,58794,1.000000
1063,24631,1.000000
1063,46000,1.000000
1066,63684,1.250000
1066,18100,1.166667
1066,46209,1.100000
1066,50407,1.100000
1066,2533,1.100000
1066,9233,1.100000
1066,6074,1.064046
1066,11135,1.050000
1066,16049,1.050000
1066,3468,1.050000
1067,50407,1.450000
1067,42739,1.450000
1067,36562,1.450000
1067,39097,1.450000
1067,48770,1.400000
1067,36035,1.400000
1067,5504,1.400000
1067,4493,1.400000
1067,47834,1.400000
1067,20461,1.400000
1074,51418,1.000000
1074,21579,1.000000
1074,20251,1.000000
1074,53784,1.000000
1074,25704,1.000000
1074,10294,1.000000
1074,24631,1.000000
1074,20461,1.000000
1074,23082,1.000000
1074,46000,1.000000
1076,56591,1.350000
1076,26405,1.274201
1076,53674,1.200000
1076,56560,1.200000
1076,42237,1.150000
1076,348,1.150000
1076,5875,1.137938
1076,39545,1.133333
1076,33045,1.100000
1076,42174,1.100000
1077,60013,1.500000
1077,55142,1.450000
1077,52651,1.400000
1077,26405,1.350000
1077,64380,1.350000
1077,26881,1.350000
1077,25698,1.350000
1077,49419,1.300000
1077,6310,1.300000
1077,3583,1.300000
1078,20251,1.000000
1078,53784,1.000000
1078,46000,1.000000
1078,23082,1.000000
1078,25704,1.000000
1078,20461,1.000000
1078,24631,1.000000
1078,10294,1.000000
1078,58794,1.000000
1078,35874,1.000000
1079,5514,1.260427
1079,24004,1.244488
1079,52661,1.222603
1079,55672,1.216213
1079,10294,1.202719
1079,42508,1.202231
1079,50585,1.194229
1079,32055,1.194229
1079,13704,1.194229
1079,20461,1.193449
1086,46209,1.500000
1086,20643,1.450000
1086,7877,1.367808
1086,22297,1.350000
1086,19879,1.350000
1086,46885,1.350000
1086,48229,1.300000
1086,24252,1.300000
1086,6064,1.250000
1086,14070,1.250000
1092,32055,1.270199
1092,13704,1.270199
1092,50585,1.270199
1092,32688,1.219753
1092,39905,1.170050
1092,42491,1.170050
1092,31964,1.170050
1092,19843,1.170050
1092,22203,1.170050
1092,12953,1.150000
1093,5802,1.350000
1093,1697,1.325636
1093,10080,1.325636
1093,484,1.325636
1093,56724,1.325636
1093,49997,1.325636
1093,14815,1.325636
1093,34679,1.325636
1093,5514,1.323267
1093,3583,1.300000
1099,4174,1.150000
1099,40769,1.150000
1099,29730,1.100000
1099,65230,1.100000
1099,46209,1.100000
1099,47646,1.100000
1099,51651,1.100000
1099,14897,1.100000
1099,23465,1.100000
1099,64721,1.050000
1103,51418,1.000000
1103,21579,1.000000
1103,20251,1.000000
1103,53784,1.000000
1103,25704,1.000000
1103,10294,1.000000
1103,24631,1.000000
1103,20461,1.000000
1103,23082,1.000000
1103,46000,1.000000
1105,20251,1.000000
1105,25704,1.000000
1105,58794,1.000000
1105,23082,1.000000
1105,53784,1.000000
1105,10294,1.000000
1105,24631,1.000000
1105,46000,1.000000
1105,20461,1.000000
1105,35874,1.000000
1107,46995,1.100000
1107,9360,1.050000
1107,15535,1.050000
1107,48229,1.050000
1107,20461,1.000000
1107,25704,1.000000
1107,53784,1.000000
1107,23082,1.000000
1107,10294,1.000000
1107,24631,1.000000
1108,3801,1.050000
1108,14813,1.050000
1108,42692,1.050000
1108,61649,1.050000
1108,38700,1.050000
1108,35874,1.000000
1108,20449,1.000000
1108,46000,1.000000
1108,20461,1.000000
1108,24631,1.000000
1109,42508,1.201936
1109,3583,1.200000
1109,10294,1.200000
1109,30976,1.200000
1109,5802,1.191593
1109,60013,1.188333
1109,55142,1.183072
1109,19023,1.159750
1109,30632,1.159750
1109,38006,1.159178
1113,19417,1.500000
1113,6814,1.500000
1113,60013,1.500000
1113,55142,1.450000
1113,31024,1.450000
1113,3038,1.433333
1113,52651,1.400000
1113,16049,1.400000
1113,34684,1.400000
1113,64380,1.350000
1114,66612,1.550000
1114,7877,1.550000
1114,53762,1.450000
1114,4824,1.450000
1114,46885,1.450000
1114,45333,1.400000
1114,36434,1.350000
1114,60864,1.350000
1114,42174,1.350000
1114,30976,1.350000
1123,46209,1.400000
1123,20643,1.350000
1123,22297,1.250000
1123,19879,1.250000
1123,26556,1.200000
1123,42172,1.200000
1123,57580,1.200000
1123,48229,1.200000
1123,24252,1.200000
1123,7877,1.177397
1127,15944,1.233333
1127,49574,1.200000
1127,37418,1.174291
1127,3801,1.165999
1127,23790,1.144276
1127,8784,1.133333
1127,48229,1.128571
1127,23154,1.127203
1127,65255,1.116006
1127,23465,1.113459
1129,20251,1.000000
1129,53784,1.000000
1129,46000,1.000000
1129,23082,1.000000
1129,25704,1.000000
1129,20461,1.000000
1129,24631,1.000000
1129,10294,1.000000
1129,58794,1.000000
1129,35874,1.000000
1132,6814,1.200000
1132,60013,1.200000
1132,19417,1.200000
1132,62718,1.150000
1132,55142,1.150000
1132,31024,1.150000
1132,3038,1.133333
1132,16049,1.100000
1132,34684,1.100000
1132,52651,1.100000
1139,20251,1.000000
1139,53784,1.000000
1139,25704,1.000000
1139,23082,1.000000
1139,35874,1.000000
1139,58794,1.000000
1139,24631,1.000000
1139,20461,1.000000
1139,10294,1.000000
1139,46000,1.000000
1140,63684,1.350000
1140,46209,1.200000
1140,20643,1.150000
1140,19879,1.050000
1140,22297,1.050000
1140,26792,1.033333
1140,20644,1.029733
1140,42174,1.022367
1140,45333,1.005834
1140,24631,1.000000
1148,55304,1.150000
1148,21579,1.000000
1148,53784,1.000000
1148,10294,1.000000
1148,46000,1.000000
1148,20251,1.000000
1148,20461,1.000000
1148,24631,1.000000
1148,23082,1.000000
1148,25704,1.000000
1163,44411,1.100000
1163,5868,1.100000
1163,21087,1.100000
1163,36133,1.100000
1163,31023,1.100000
1163,2681,1.100000
1163,35874,1.100000
1163,53756,1.100000
1163,18019,1.100000
1163,58794,1.100000
1164,26405,1.100000
1164,21579,1.000000
1164,53784,1.000000
1164,10294,1.000000
1164,46000,1.000000
1164,25704,1.000000
1164,20461,1.000000
1164,24631,1.000000
1164,35874,1.000000
1164,23082,1.000000
1168,55672,1.150000
1168,32454,1.140094
1168,42173,1.100000
1168,51418,1.100000
1168,62718,1.100000
1168,51694,1.100000
1168,57277,1.100000
1168,46825,1.100000
1168,56995,1.100000
1168,33910,1.100000
1170,56724,1.000000
1170,7196,1.000000
1170,10294,1.000000
1170,60713,1.000000
1170,51418,1.000000
1170,20461,1.000000
1170,24631,1.000000
1170,25704,1.000000
1170,20251,1.000000
1170,21579,1.000000
1175,49419,1.350000
1175,26405,1.300000
1175,62792,1.200000
1175,19502,1.200000
1175,16049,1.150000
1175,42508,1.116336
1175,27672,1.100000
1175,3555,1.100000
1175,46000,1.100000
1175,21376,1.100000
1178,7196,1.000000
1178,51418,1.000000
1178,60713,1.000000
1178,20251,1.000000
1178,21579,1.000000
1178,20461,1.000000
1178,24631,1.000000
1178,46000,1.000000
1178,25704,1.000000
1178,10294,1.000000
1179,55304,1.450000
1179,57544,1.150000
1179,41876,1.100000
1179,23790,1.100000
1179,9360,1.100000
1179,39545,1.100000
1179,17293,1.100000
1179,4111,1.100000
1179,34455,1.050000
1179,19147,1.050000
1180,47834,1.300000
1180,20461,1.300000
1180,19502,1.250000
1180,6931,1.233333
1180,60085,1.200000
1180,10106,1.200000
1180,60855,1.200000
1180,64380,1.200000
1180,45050,1.200000
1180,41546,1.155512
1184,5875,1.100000
1184,53784,1.000000
1184,35874,1.000000
1184,58794,1.000000
1184,23082,1.000000
1184,25704,1.000000
1184,46000,1.000000
1184,24631,1.000000
1184,20461,1.000000
1184,10294,1.000000
1187,20251,1.000000
1187,53784,1.000000
1187,46000,1.000000
1187,23082,1.000000
1187,25704,1.000000
1187,20461,1.000000
1187,24631,1.000000
1187,10294,1.000000
1187,58794,1.000000
1187,35874,1.000000
1188,34060,1.300000
1188,29607,1.133333
1188,5296,1.100000
1188,51418,1.100000
1188,40134,1.100000
1188,42173,1.100000
1188,52874,1.100000
1188,33910,1.100000
1188,46857,1.050000
1188,18181,1.050000
1195,10290,1.050000
1195,21579,1.000000
1195,25704,1.000000
1195,35874,1.000000
1195,46000,1.000000
1195,20251,1.000000
1195,24631,1.000000
1195,20461,1.000000
1195,35646,1.000000
1195,10294,1.000000
1202,58033,1.500000
1202,19879,1.450000
1202,20381,1.400000
1202,55818,1.400000
1202,42508,1.400000
1202,60853,1.350000
1202,19023,1.350000
1202,9214,1.350000
1202,30632,1.350000
1202,55025,1.350000
1206,9835,1.650000
1206,45178,1.650000
1206,17022,1.650000
1206,41257,1.550000
1206,49932,1.550000
1206,44656,1.550000
1206,12088,1.550000
1206,9851,1.550000
1206,66086,1.500000
1206,54034,1.450000
1215,46209,1.200000
1215,20643,1.150000
1215,19879,1.050000
1215,22297,1.050000
1215,26792,1.033333
1215,63684,1.021682
1215,46000,1.000000
1215,25704,1.000000
1215,58794,1.000000
1215,24631,1.000000
1220,7877,1.150000
1220,66612,1.125708
1220,46885,1.050000
1220,53762,1.050000
1220,4824,1.050000
1220,57699,1.050000
1220,21578,1.033333
1220,45333,1.025578
1220,10294,1.000000
1220,24631,1.000000
1222,46209,1.000000
1222,23082,1.000000
1222,53784,1.000000
1222,58794,1.000000
1222,20251,1.000000
1222,25704,1.000000
1222,24631,1.000000
1222,20461,1.000000
1222,10294,1.000000
1222,46000,1.000000
1224,20251,1.000000
1224,53784,1.000000
1224,46000,1.000000
1224,23082,1.000000
1224,25704,1.000000
1224,20461,1.000000
1224,24631,1.000000
1224,10294,1.000000
1224,58794,1.000000
1224,35874,1.000000
1228,63684,1.650000
1228,46209,1.500000
1228,20643,1.450000
1228,19879,1.350000
1228,22297,1.350000
1228,20644,1.333333
1228,26792,1.333333
1228,42174,1.300000
1228,24252,1.300000
1228,42172,1.300000
1243,5875,1.500000
1243,51516,1.266667
1243,49853,1.266667
1243,60387,1.250000
1243,38032,1.200000
1243,62718,1.200000
1243,45511,1.200000
1243,10935,1.200000
1243,15857,1.200000
1243,55608,1.200000
1247,11988,1.450000
1247,27193,1.450000
1247,17545,1.400000
1247,9233,1.400000
1247,58527,1.366667
1247,14433,1.350000
1247,24297,1.350000
1247,6931,1.350000
1247,42110,1.350000
1247,53676,1.350000
1248,63684,1.650000
1248,46209,1.500000
1248,20643,1.450000
1248,22297,1.350000
1248,19879,1.350000
1248,20644,1.333333
1248,26792,1.333333
1248,42174,1.300000
1248,24252,1.300000
1248,42172,1.300000
1250,15181,1.200000
1250,8568,1.200000
1250,25095,1.200000
1250,15179,1.200000
1250,51393,1.200000
1250,47821,1.150000
1250,47834,1.150000
1250,20461,1.150000
1250,14433,1.150000
1250,48770,1.150000
1259,3801,1.050000
1259,14813,1.050000
1259,42692,1.050000
1259,61649,1.050000
1259,38700,1.050000
1259,35874,1.000000
1259,20449,1.000000
1259,46000,1.000000
1259,20461,1.000000
1259,24631,1.000000
1261,60013,1.300000
1261,55142,1.250000
1261,19417,1.222603
1261,52651,1.200000
1261,60257,1.200000
1261,46431,1.170306
1261,16049,1.154682
1261,60512,1.150000
1261,55672,1.147083
1261,19502,1.145788
1263,57699,1.250000
1263,63700,1.200000
1263,5277,1.200000
1263,6632,1.200000
1263,54336,1.200000
1263,65325,1.150000
1263,46615,1.150000
1263,51696,1.150000
1263,46207,1.100000
1263,17422,1.100000
1269,9214,1.350000
1269,45309,1.300000
1269,101,1.300000
1269,58033,1.300000
1269,55818,1.300000
1269,16245,1.300000
1269,19879,1.266667
1269,9180,1.250000
1269,12788,1.250000
1269,55025,1.250000
1274,17293,1.066667
1274,2096,1.050000
1274,15944,1.050000
1274,10294,1.000000
1274,58794,1.000000
1274,46000,1.000000
1274,25704,1.000000
1274,20461,1.000000
1274,24631,1.000000
1274,35874,1.000000
1280,55802,1.300000
1280,65812,1.300000
1280,16532,1.300000
1280,15716,1.233333
1280,51393,1.200000
1280,23128,1.200000
1280,51418,1.200000
1280,33910,1.200000
1280,51694,1.200000
1280,8823,1.200000
1282,55627,1.100000
1282,6210,1.100000
1282,38771,1.050000
1282,24631,1.000000
1282,49269,0.950000
1282,5019,0.900000
1282,46191,0.900000
1282,3192,0.900000
1282,37374,0.900000
1282,42508,0.855424
1283,46209,1.400000
1283,20643,1.350000
1283,19879,1.250000
1283,26792,1.233333
1283,24252,1.200000
1283,48229,1.200000
1283,63684,1.196669
1283,53674,1.175000
1283,42203,1.166667
1283,6064,1.150000
1289,5514,1.203057
1289,6210,1.200000
1289,52854,1.164295
1289,55627,1.100000
1289,55672,1.092104
1289,5802,1.091461
1289,60546,1.085389
1289,60013,1.084476
1289,5019,1.074201
1289,3583,1.070772
1291,52874,1.250000
1291,42173,1.250000
1291,5296,1.250000
1291,33910,1.250000
1291,51418,1.250000
1291,54663,1.250000
1291,31024,1.250000
1291,40134,1.250000
1291,62409,1.200000
1291,18181,1.200000
1295,19502,1.300000
1295,35874,1.100000
1295,36562,1.100000
1295,5868,1.100000
1295,54217,1.100000
1295,53968,1.100000
1295,21087,1.100000
1295,55682,1.050000
1295,12207,1.050000
1295,64316,1.020184
1297,42508,1.200000
1297,60853,1.150000
1297,30632,1.150000
1297,19023,1.150000
1297,21456,1.128996
1297,9835,1.125708
1297,17022,1.125708
1297,45178,1.125708
1297,58072,1.100000
1297,21373,1.100000
1299,46209,1.100000
1299,63684,1.028045
1299,25704,1.000000
1299,46000,1.000000
1299,20251,1.000000
1299,10294,1.000000
1299,53784,1.000000
1299,23082,1.000000
1299,24631,1.000000
1299,20461,1.000000
1300,23930,1.150000
1300,35494,1.100000
1300,6833,1.100000
1300,22401,1.100000
1300,22525,1.100000
1300,2898,1.066667
1300,65536,1.050000
1300,77,1.050000
1300,36924,1.050000
1300,60017,1.050000
1305,13704,1.050000
1305,32055,1.050000
1305,35646,1.050000
1305,50585,1.050000
1305,36562,1.050000
1305,25698,1.050000
1305,10294,1.000000
1305,60713,1.000000
1305,21579,1.000000
1305,24631,1.000000
1311,20251,1.000000
1311,53784,1.000000
1311,46000,1.000000
1311,23082,1.000000
1311,25704,1.000000
1311,20461,1.000000
1311,24631,1.000000
1311,10294,1.000000
1311,58794,1.000000
1311,35874,1.000000
1312,5514,1.350000
1312,35646,1.250000
1312,60013,1.200000
1312,55142,1.150000
1312,44156,1.150000
1312,36562,1.118240
1312,32055,1.113665
1312,50585,1.113665
1312,13704,1.113665
1312,51418,1.100307
1318,60013,1.418240
1318,55142,1.385628
1318,52651,1.327253
1318,10828,1.250000
1318,60268,1.209021
1318,45572,1.200000
1318,21456,1.150000
1318,35646,1.150000
1318,40005,1.150000
1318,19417,1.143969
1326,10290,1.250000
1326,53968,1.200000
1326,237,1.200000
1326,30936,1.200000
1326,25648,1.100000
1326,62530,1.100000
1326,40292,1.050000
1326,49294,1.050000
1326,29977,1.050000
1326,15340,1.050000
1328,54663,1.500000
1328,6064,1.500000
1328,56995,1.500000
1328,46825,1.500000
1328,51694,1.500000
1328,33910,1.500000
1328,56915,1.500000
1328,54280,1.500000
1328,51418,1.500000
1328,25424,1.500000
1331,54663,1.300000
1331,40134,1.300000
1331,62718,1.300000
1331,5296,1.300000
1331,33910,1.300000
1331,51418,1.300000
1331,42173,1.300000
1331,62409,1.250000
1331,5835,1.200000
1331,53272,1.200000
1339,52351,1.300000
1339,40134,1.300000
1339,18874,1.225000
1339,53927,1.225000
1339,49574,1.200000
1339,22059,1.200000
1339,14889,1.200000
1339,63210,1.200000
1339,26575,1.200000
1339,18889,1.175000
1348,20251,1.000000
1348,53784,1.000000
1348,46000,1.000000
1348,23082,1.000000
1348,25704,1.000000
1348,20461,1.000000
1348,24631,1.000000
1348,10294,1.000000
1348,58794,1.000000
1348,35874,1.000000
1352,20251,1.000000
1352,53784,1.000000
1352,58794,1.000000
1352,23082,1.000000
1352,25704,1.000000
1352,46000,1.000000
1352,24631,1.000000
1352,20461,1.000000
1352,10294,1.000000
1352,35874,1.000000
1354,55304,1.350000
1354,40282,1.200000
1354,38657,1.150000
1354,23154,1.150000
1354,14467,1.150000
1354,3801,1.100000
1354,57544,1.050000
1354,42215,1.050000
1354,25704,1.000000
1354,24631,1.000000
1357,20251,1.000000
1357,53784,1.000000
1357,58794,1.000000
1357,35874,1.000000
1357,25704,1.000000
1357,20461,1.000000
1357,24631,1.000000
1357,46000,1.000000
1357,23082,1.000000
1357,10294,1.000000
1359,63684,1.256195
1359,36619,1.233333
1359,47881,1.200000
1359,52351,1.200000
1359,46209,1.200000
1359,20643,1.150000
1359,54931,1.133333
1359,20644,1.133051
1359,7877,1.111111
1359,46885,1.100000
1360,41680,1.100000
1360,55304,1.050000
1360,40282,1.033333
1360,20461,1.000000
1360,23082,1.000000
1360,53784,1.000000
1360,20251,1.000000
1360,10294,1.000000
1360,24631,1.000000
1360,46000,1.000000
1362,6814,1.300000
1362,19417,1.300000
1362,62718,1.250000
1362,14070,1.250000
1362,3038,1.233333
1362,38520,1.200000
1362,16049,1.200000
1362,18181,1.200000
1362,55389,1.200000
1362,1321,1.200000
1363,51418,1.000000
1363,21579,1.000000
1363,10294,1.000000
1363,53784,1.000000
1363,20251,1.000000
1363,20461,1.000000
1363,24631,1.000000
1363,46000,1.000000
1363,23082,1.000000
1363,25704,1.000000
1367,20461,1.350000
1367,47834,1.350000
1367,45572,1.300000
1367,60085,1.250000
1367,42739,1.250000
1367,31577,1.250000
1367,10106,1.250000
1367,60855,1.250000
1367,33910,1.231377
1367,51418,1.231377
1368,63684,1.350000
1368,46209,1.200000
1368,20643,1.150000
1368,19879,1.050000
1368,22297,1.050000
1368,26792,1.033333
1368,20644,1.033333
1368,35874,1.000000
1368,23082,1.000000
1368,24631,1.000000
1369,20251,1.000000
1369,53784,1.000000
1369,25704,1.000000
1369,58794,1.000000
1369,35874,1.000000
1369,23082,1.000000
1369,24631,1.000000
1369,20461,1.000000
1369,10294,1.000000
1369,46000,1.000000
1370,9233,1.200000
1370,56615,1.166667
1370,24079,1.150000
1370,42739,1.150000
1370,24081,1.150000
1370,53927,1.150000
1370,56839,1.100000
1370,43675,1.100000
1370,10566,1.100000
1370,5504,1.100000
1372,17293,1.050000
1372,53784,1.000000
1372,23082,1.000000
1372,46000,1.000000
1372,10294,1.000000
1372,25704,1.000000
1372,20461,1.000000
1372,24631,1.000000
1372,58794,1.000000
1372,35874,1.000000
1374,51418,1.000000
1374,21579,1.000000
1374,10294,1.000000
1374,53784,1.000000
1374,25704,1.000000
1374,20461,1.000000
1374,24631,1.000000
1374,46000,1.000000
1374,35874,1.000000
1374,23082,1.000000
1379,51784,1.300000
1379,33072,1.266667
1379,66612,1.250000
1379,9533,1.250000
1379,45576,1.233333
1379,54834,1.225000
1379,32983,1.200000
1379,24032,1.200000
1379,44216,1.200000
1379,38700,1.200000
1381,35494,1.050000
1381,21579,1.000000
1381,53784,1.000000
1381,20251,1.000000
1381,10294,1.000000
1381,25704,1.000000
1381,23082,1.000000
1381,24631,1.000000
1381,46000,1.000000
1381,20461,1.000000
1385,21577,1.350000
1385,21578,1.333333
1385,331,1.150000
1385,48235,1.100000
1385,23831,1.100000
1385,26405,1.036818
1385,49419,1.033333
1385,46000,1.000000
1385,25704,1.000000
1385,24631,1.000000
1387,20251,1.000000
1387,53784,1.000000
1387,46000,1.000000
1387,23082,1.000000
1387,25704,1.000000
1387,20461,1.000000
1387,24631,1.000000
1387,10294,1.000000
1387,58794,1.000000
1387,35874,1.000000
1390,7877,1.100000
1390,7196,1.000000
1390,51418,1.000000
1390,25704,1.000000
1390,10294,1.000000
1390,60713,1.000000
1390,20461,1.000000
1390,24631,1.000000
1390,20251,1.000000
1390,21579,1.000000
1393,46209,1.200000
1393,64091,1.200000
1393,56292,1.200000
1393,39863,1.100000
1393,63684,1.058069
1393,19879,1.050000
1393,22297,1.050000
1393,10294,1.000000
1393,23082,1.000000
1393,24631,1.000000
1396,60013,1.400000
1396,55142,1.350000
1396,52651,1.300000
1396,16049,1.233333
1396,6500,1.200000
1396,24079,1.200000
1396,9586,1.200000
1396,24081,1.200000
1396,26405,1.200000
1396,55672,1.177113
1397,7196,1.000000
1397,60713,1.000000
1397,21579,1.000000
1397,20251,1.000000
1397,51418,1.000000
1397,46000,1.000000
1397,24631,1.000000
1397,10294,1.000000
1397,25704,1.000000
1397,20461,1.000000
1398,51784,1.000000
1398,46661,1.000000
1398,38010,1.000000
1398,21579,1.000000
1398,24631,1.000000
1398,25704,1.000000
1398,60713,1.000000
1398,36434,1.000000
1398,12953,0.950000
1398,10294,0.950000
1401,51784,1.000000
1401,38010,1.000000
1401,21579,1.000000
1401,55672,0.971665
1401,17339,0.950000
1401,23395,0.950000
1401,49269,0.950000
1401,31421,0.950000
1401,40292,0.950000
1401,57844,0.950000
1402,55388,1.400000
1402,4824,1.350000
1402,49852,1.333333
1402,47408,1.333333
1402,77,1.300000
1402,59471,1.275000
1402,54217,1.266667
1402,22477,1.250000
1402,5808,1.250000
1402,23790,1.250000
1403,5802,1.250000
1403,10294,1.250000
1403,8784,1.150000
1403,5514,1.150000
1403,42508,1.127922
1403,31680,1.100000
1403,6297,1.082033
1403,30632,1.081953
1403,19023,1.081953
1403,60853,1.072339
1407,10290,1.200000
1407,9180,1.200000
1407,50533,1.166667
1407,54834,1.166667
1407,64081,1.166667
1407,10335,1.133333
1407,33072,1.100000
1407,58257,1.100000
1407,59471,1.066667
1407,47207,1.066667
1417,51418,1.000000
1417,21579,1.000000
1417,53784,1.000000
1417,23082,1.000000
1417,20251,1.000000
1417,10294,1.000000
1417,24631,1.000000
1417,20461,1.000000
1417,46000,1.000000
1417,25704,1.000000
1420,46209,1.500000
1420,19879,1.350000
1420,42508,1.300000
1420,55818,1.300000
1420,7877,1.287654
1420,14070,1.250000
1420,30632,1.250000
1420,60853,1.250000
1420,19023,1.250000
1420,55025,1.250000
1422,1321,1.147759
1422,53646,1.086039
1422,45729,1.000000
1422,10294,1.000000
1422,24963,1.000000
1422,51784,1.000000
1422,21579,1.000000
1422,25704,1.000000
1422,1529,0.996903
1422,57844,0.950000
1428,32055,1.500000
1428,13704,1.500000
1428,50585,1.500000
1428,13733,1.500000
1428,4524,1.500000
1428,32688,1.450000
1428,55672,1.450000
1428,42508,1.450000
1428,22203,1.400000
1428,42491,1.400000
1433,5514,1.220957
1433,29309,1.072988
1433,10294,1.072955
1433,42508,1.049596
1433,52854,1.044447
1433,55672,1.041536
1433,20461,1.037704
1433,40005,1.034931
1433,47834,1.021575
1433,56724,1.021547
1434,5514,1.169802
1434,5019,1.100000
1434,10294,1.098622
1434,52854,1.013795
1434,5802,1.009017
1434,60713,1.000000
1434,25704,1.000000
1434,36434,1.000000
1434,57844,1.000000
1434,24631,1.000000
1437,9233,1.300000
1437,32055,1.300000
1437,62718,1.300000
1437,52874,1.300000
1437,42173,1.300000
1437,13704,1.300000
1437,54663,1.300000
1437,51418,1.300000
1437,33910,1.300000
1437,50585,1.300000
1442,23059,1.133333
1442,57847,1.100000
1442,47617,1.100000
1442,60864,1.100000
1442,18100,1.050000
1442,42011,1.050000
1442,35874,1.000000
1442,46000,1.000000
1442,51186,1.000000
1442,24631,1.000000
1445,47834,1.550000
1445,20461,1.550000
1445,60085,1.450000
1445,10106,1.450000
1445,60855,1.450000
1445,42739,1.450000
1445,4945,1.400000
1445,10547,1.400000
1445,19973,1.400000
1445,5504,1.400000
1450,1321,1.150000
1450,23395,1.050000
1450,12953,1.022603
1450,36434,1.000000
1450,10294,1.000000
1450,51784,1.000000
1450,21579,1.000000
1450,60713,1.000000
1450,24631,1.000000
1450,25704,1.000000
1451,5875,1.200000
1451,42692,1.150000
1451,3801,1.150000
1451,5592,1.100000
1451,20449,1.100000
1451,38196,1.050000
1451,6658,1.050000
1451,56591,1.050000
1451,62742,1.050000
1451,32454,1.050000
1452,20251,1.000000
1452,53784,1.000000
1452,25704,1.000000
1452,58794,1.000000
1452,35874,1.000000
1452,23082,1.000000
1452,24631,1.000000
1452,20461,1.000000
1452,10294,1.000000
1452,46000,1.000000
1456,23325,1.300000
1456,52661,1.300000
1456,5514,1.300000
1456,60881,1.200000
1456,5473,1.200000
1456,55908,1.150000
1456,7328,1.150000
1456,60013,1.137355
1456,57844,1.100000
1456,5019,1.100000
1457,20251,1.000000
1457,53784,1.000000
1457,46000,1.000000
1457,23082,1.000000
1457,25704,1.000000
1457,20461,1.000000
1457,24631,1.000000
1457,10294,1.000000
1457,58794,1.000000
1457,35874,1.000000
1460,63684,1.450000
1460,46209,1.300000
1460,20643,1.250000
1460,57699,1.250000
1460,22297,1.174291
1460,40793,1.100000
1460,48229,1.100000
1460,24252,1.100000
1460,42172,1.100000
1460,26556,1.100000
1464,1321,1.250000
1464,62822,1.250000
1464,47834,1.214776
1464,20461,1.214776
1464,49419,1.200000
1464,15716,1.194796
1464,53646,1.133333
1464,36046,1.130263
1464,55672,1.129444
1464,11540,1.122522
1469,57691,1.150000
1469,41609,1.050000
1469,62822,1.033464
1469,60713,1.000000
1469,10294,1.000000
1469,51784,1.000000
1469,21579,1.000000
1469,25704,1.000000
1469,36434,1.000000
1469,24631,1.000000
1474,19417,1.100000
1474,60013,1.100000
1474,55142,1.050000
1474,32055,1.050000
1474,6500,1.050000
1474,13704,1.050000
1474,50585,1.050000
1474,12788,1.004689
1474,20461,1.000000
1474,24631,1.000000
1475,51418,1.000000
1475,21579,1.000000
1475,25704,1.000000
1475,23082,1.000000
1475,53784,1.000000
1475,20251,1.000000
1475,24631,1.000000
1475,20461,1.000000
1475,46000,1.000000
1475,10294,1.000000
1487,60713,1.000000
1487,51418,1.000000
1487,25704,1.000000
1487,20251,1.000000
1487,21579,1.000000
1487,10294,1.000000
1487,24631,1.000000
1487,23082,1.000000
1487,53784,1.000000
1487,20461,1.000000
1490,51784,1.100000
1490,50530,1.084513
1490,55672,1.084139
1490,42508,1.072795
1490,48509,1.050000
1490,52854,1.049264
1490,50585,1.048205
1490,32055,1.048205
1490,13704,1.048205
1490,20461,1.041995
1491,7877,1.250000
1491,53762,1.150000
1491,46885,1.150000
1491,45814,1.100000
1491,36434,1.050000
1491,30976,1.050000
1491,60713,1.050000
1491,40282,1.033333
1491,25704,1.000000
1491,24631,1.000000
1516,9233,1.050000
1516,7196,1.000000
1516,21579,1.000000
1516,10294,1.000000
1516,25704,1.000000
1516,60713,1.000000
1516,20461,1.000000
1516,24631,1.000000
1516,20251,1.000000
1516,46000,1.000000
